Date,Month Abbr,State,Number of Flights,Daily Positve Increase,Daily Death Increase,Expected Positives
7/16/2020,Jul,Arizona,318,3259,58,690.7238
7/16/2020,Jul,California,1225,8544,118,2406.6771
7/16/2020,Jul,Colorado,634,469,7,1288.5642
7/16/2020,Jul,Florida,889,13965,156,1770.9987
7/16/2020,Jul,Georgia,1819,3441,13,3530.4657
7/16/2020,Jul,Illinois,1915,1257,25,3712.0881
7/16/2020,Jul,Maryland,223,648,6,510.9933
7/16/2020,Jul,Massachuttces,488,234,12,1012.3468
7/16/2020,Jul,Michigan,619,926,18,1260.1857
7/16/2020,Jul,Minniesota,429,605,8,900.7247
7/16/2020,Jul,Nevada,235,1447,8,533.6961
7/16/2020,Jul,New Jersey,417,223,31,878.0219
7/16/2020,Jul,New York,750,769,11,1508.0246
7/16/2020,Jul,North Carolina,791,2160,20,1585.5925
7/16/2020,Jul,Pennsylvania,489,781,16,1014.2387
7/16/2020,Jul,Texas,2187,10291,129,4226.6849
7/16/2020,Jul,Utah,354,954,1,758.8322
7/16/2020,Jul,Washington,611,825,17,1245.0505
7/17/2020,Jul,Arizona,328,3910,91,709.6428
7/17/2020,Jul,California,1310,9986,130,2567.4886
7/17/2020,Jul,Colorado,654,571,14,1326.4022
7/17/2020,Jul,Florida,903,11466,130,1797.4853
7/17/2020,Jul,Georgia,1884,3908,28,3653.4392
7/17/2020,Jul,Illinois,1933,1427,13,3746.1423
7/17/2020,Jul,Maryland,225,707,12,514.7771
7/17/2020,Jul,Massachuttces,500,298,22,1035.0496
7/17/2020,Jul,Michigan,614,754,7,1250.7262
7/17/2020,Jul,Minniesota,427,666,7,896.9409
7/17/2020,Jul,Nevada,242,1380,11,546.9394
7/17/2020,Jul,New Jersey,407,50,19,859.1029
7/17/2020,Jul,New York,767,776,10,1540.1869
7/17/2020,Jul,North Carolina,798,2051,18,1598.8358
7/17/2020,Jul,Pennsylvania,491,1032,19,1018.0225
7/17/2020,Jul,Texas,2274,14916,174,4391.2802
7/17/2020,Jul,Utah,372,727,1,792.8864
7/17/2020,Jul,Washington,564,878,6,1156.1312
7/18/2020,Jul,Arizona,311,2742,147,677.4805
7/18/2020,Jul,California,1215,9199,120,2387.7581
7/18/2020,Jul,Colorado,639,618,0,1298.0237
7/18/2020,Jul,Florida,911,10328,90,1812.6205
7/18/2020,Jul,Georgia,1866,4689,36,3619.385
7/18/2020,Jul,Illinois,1922,1276,18,3725.3314
7/18/2020,Jul,Maryland,211,835,9,488.2905
7/18/2020,Jul,Massachuttces,485,359,17,1006.6711
7/18/2020,Jul,Michigan,572,745,9,1171.2664
7/18/2020,Jul,Minniesota,400,457,5,845.8596
7/18/2020,Jul,Nevada,214,1182,9,493.9662
7/18/2020,Jul,New Jersey,368,263,15,785.3188
7/18/2020,Jul,New York,684,754,11,1383.1592
7/18/2020,Jul,North Carolina,787,2481,23,1578.0249
7/18/2020,Jul,Pennsylvania,375,763,15,798.5621
7/18/2020,Jul,Texas,2144,10158,130,4145.3332
7/18/2020,Jul,Utah,343,760,8,738.0213
7/18/2020,Jul,Washington,615,524,7,1252.6181
7/19/2020,Jul,Arizona,310,2359,31,675.5886
7/19/2020,Jul,California,1282,9329,90,2514.5154
7/19/2020,Jul,Colorado,622,444,0,1265.8614
7/19/2020,Jul,Florida,906,12478,89,1803.161
7/19/2020,Jul,Georgia,1857,3251,5,3602.3579
7/19/2020,Jul,Illinois,1745,965,5,3390.4651
7/19/2020,Jul,Maryland,214,925,9,493.9662
7/19/2020,Jul,Massachuttces,549,296,12,1127.7527
7/19/2020,Jul,Michigan,569,530,2,1165.5907
7/19/2020,Jul,Minniesota,417,734,3,878.0219
7/19/2020,Jul,Nevada,237,1288,1,537.4799
7/19/2020,Jul,New Jersey,394,0,8,834.5082
7/19/2020,Jul,New York,758,502,13,1523.1598
7/19/2020,Jul,North Carolina,795,1820,5,1593.1601
7/19/2020,Jul,Pennsylvania,491,786,8,1018.0225
7/19/2020,Jul,Texas,2131,7300,93,4120.7385
7/19/2020,Jul,Utah,357,785,0,764.5079
7/19/2020,Jul,Washington,532,334,10,1095.5904
7/20/2020,Jul,Arizona,324,1559,23,702.0752
7/20/2020,Jul,California,1256,6846,9,2465.326
7/20/2020,Jul,Colorado,649,354,0,1316.9427
7/20/2020,Jul,Florida,887,10347,92,1767.2149
7/20/2020,Jul,Georgia,1752,2452,3,3403.7084
7/20/2020,Jul,Illinois,2106,1173,6,4073.441
7/20/2020,Jul,Maryland,216,554,5,497.75
7/20/2020,Jul,Massachuttces,556,255,2,1140.996
7/20/2020,Jul,Michigan,634,527,7,1288.5642
7/20/2020,Jul,Minniesota,435,903,4,912.0761
7/20/2020,Jul,Nevada,237,948,1,537.4799
7/20/2020,Jul,New Jersey,401,180,10,847.7515
7/20/2020,Jul,New York,721,519,8,1453.1595
7/20/2020,Jul,North Carolina,813,1268,8,1627.2143
7/20/2020,Jul,Pennsylvania,494,711,3,1023.6982
7/20/2020,Jul,Texas,2224,7404,62,4296.6852
7/20/2020,Jul,Utah,347,409,4,745.5889
7/20/2020,Jul,Washington,509,990,3,1052.0767
7/21/2020,Jul,Arizona,304,3500,134,664.2372
7/21/2020,Jul,California,1189,9231,61,2338.5687
7/21/2020,Jul,Colorado,600,424,0,1224.2396
7/21/2020,Jul,Florida,746,9440,136,1500.457
7/21/2020,Jul,Georgia,1453,3413,78,2838.0303
7/21/2020,Jul,Illinois,1713,955,23,3329.9243
7/21/2020,Jul,Maryland,206,860,20,478.831
7/21/2020,Jul,Massachuttces,400,244,17,845.8596
7/21/2020,Jul,Michigan,551,664,9,1131.5365
7/21/2020,Jul,Minniesota,421,350,3,885.5895
7/21/2020,Jul,Nevada,201,815,28,469.3715
7/21/2020,Jul,New Jersey,390,293,23,826.9406
7/21/2020,Jul,New York,656,855,2,1330.186
7/21/2020,Jul,North Carolina,561,1815,26,1150.4555
7/21/2020,Jul,Pennsylvania,343,1027,20,738.0213
7/21/2020,Jul,Texas,2010,9305,131,3891.8186
7/21/2020,Jul,Utah,346,486,4,743.697
7/21/2020,Jul,Washington,545,1084,6,1120.1851
7/22/2020,Jul,Arizona,306,1926,56,668.021
7/22/2020,Jul,California,1219,12807,115,2395.3257
7/22/2020,Jul,Colorado,615,493,28,1252.6181
7/22/2020,Jul,Florida,768,9785,140,1542.0788
7/22/2020,Jul,Georgia,1661,3314,81,3231.5455
7/22/2020,Jul,Illinois,1809,1598,23,3511.5467
7/22/2020,Jul,Maryland,208,627,3,482.6148
7/22/2020,Jul,Massachuttces,417,287,18,878.0219
7/22/2020,Jul,Michigan,597,671,6,1218.5639
7/22/2020,Jul,Minniesota,418,504,4,879.9138
7/22/2020,Jul,Nevada,214,1129,28,493.9662
7/22/2020,Jul,New Jersey,383,389,24,813.6973
7/22/2020,Jul,New York,714,705,10,1439.9162
7/22/2020,Jul,North Carolina,544,2140,30,1118.2932
7/22/2020,Jul,Pennsylvania,344,631,25,739.9132
7/22/2020,Jul,Texas,1980,9879,197,3835.0616
7/22/2020,Jul,Utah,362,566,9,773.9674
7/22/2020,Jul,Washington,513,1016,12,1059.6443
7/23/2020,Jul,Arizona,323,2335,89,700.1833
7/23/2020,Jul,California,1280,12040,157,2510.7316
7/23/2020,Jul,Colorado,648,639,0,1315.0508
7/23/2020,Jul,Florida,850,10249,173,1697.2146
7/23/2020,Jul,Georgia,1622,4286,25,3157.7614
7/23/2020,Jul,Illinois,1922,1624,20,3725.3314
7/23/2020,Jul,Maryland,224,664,4,512.8852
7/23/2020,Jul,Massachuttces,446,327,16,932.887
7/23/2020,Jul,Michigan,634,701,7,1288.5642
7/23/2020,Jul,Minniesota,434,760,9,910.1842
7/23/2020,Jul,Nevada,251,1262,5,563.9665
7/23/2020,Jul,New Jersey,421,242,24,885.5895
7/23/2020,Jul,New York,732,811,13,1473.9704
7/23/2020,Jul,North Carolina,798,1892,28,1598.8358
7/23/2020,Jul,Pennsylvania,488,962,16,1012.3468
7/23/2020,Jul,Texas,2222,9507,173,4292.9014
7/23/2020,Jul,Utah,355,521,7,760.7241
7/23/2020,Jul,Washington,559,871,3,1146.6717
7/24/2020,Jul,Arizona,316,3357,79,686.94
7/24/2020,Jul,California,1242,9718,159,2438.8394
7/24/2020,Jul,Colorado,626,616,2,1273.429
7/24/2020,Jul,Florida,849,12444,136,1695.3227
7/24/2020,Jul,Georgia,1743,4813,82,3386.6813
7/24/2020,Jul,Illinois,1892,1599,17,3668.5744
7/24/2020,Jul,Maryland,218,930,13,501.5338
7/24/2020,Jul,Massachuttces,516,338,14,1065.32
7/24/2020,Jul,Michigan,625,641,5,1271.5371
7/24/2020,Jul,Minniesota,444,767,5,929.1032
7/24/2020,Jul,Nevada,242,966,13,546.9394
7/24/2020,Jul,New Jersey,405,458,35,855.3191
7/24/2020,Jul,New York,732,753,9,1473.9704
7/24/2020,Jul,North Carolina,733,2102,20,1475.8623
7/24/2020,Jul,Pennsylvania,488,1213,22,1012.3468
7/24/2020,Jul,Texas,2192,8701,196,4236.1444
7/24/2020,Jul,Utah,360,863,6,770.1836
7/24/2020,Jul,Washington,551,793,14,1131.5365
7/25/2020,Jul,Arizona,311,3740,144,677.4805
7/25/2020,Jul,California,1255,10066,151,2463.4341
7/25/2020,Jul,Colorado,636,666,16,1292.348
7/25/2020,Jul,Florida,820,12199,126,1640.4576
7/25/2020,Jul,Georgia,1784,3787,53,3464.2492
7/25/2020,Jul,Illinois,1933,1426,12,3746.1423
7/25/2020,Jul,Maryland,198,1288,11,463.6958
7/25/2020,Jul,Massachuttces,482,283,12,1000.9954
7/25/2020,Jul,Michigan,583,0,0,1192.0773
7/25/2020,Jul,Minniesota,445,803,5,930.9951
7/25/2020,Jul,Nevada,210,931,10,486.3986
7/25/2020,Jul,New Jersey,393,513,11,832.6163
7/25/2020,Jul,New York,652,750,13,1322.6184
7/25/2020,Jul,North Carolina,801,2097,32,1604.5115
7/25/2020,Jul,Pennsylvania,369,1054,13,787.2107
7/25/2020,Jul,Texas,2136,6020,168,4130.198
7/25/2020,Jul,Utah,355,661,1,760.7241
7/25/2020,Jul,Washington,564,482,13,1156.1312
7/26/2020,Jul,Arizona,453,1973,19,946.1303
7/26/2020,Jul,California,1989,8259,79,3852.0887
7/26/2020,Jul,Colorado,870,809,0,1735.0526
7/26/2020,Jul,Florida,1036,9344,78,2049.108
7/26/2020,Jul,Georgia,1953,2765,3,3783.9803
7/26/2020,Jul,Illinois,2170,1541,1,4194.5226
7/26/2020,Jul,Maryland,274,694,7,607.4802
7/26/2020,Jul,Massachuttces,610,369,19,1243.1586
7/26/2020,Jul,Michigan,680,1589,0,1375.5916
7/26/2020,Jul,Minniesota,526,862,3,1084.239
7/26/2020,Jul,Nevada,439,1018,2,919.6437
7/26/2020,Jul,New Jersey,474,505,12,985.8602
7/26/2020,Jul,New York,831,536,3,1661.2685
7/26/2020,Jul,North Carolina,877,1621,7,1748.2959
7/26/2020,Jul,Pennsylvania,533,800,4,1097.4823
7/26/2020,Jul,Texas,2457,5810,153,4737.4979
7/26/2020,Jul,Utah,480,350,0,997.2116
7/26/2020,Jul,Washington,726,321,0,1462.619
7/27/2020,Jul,Arizona,423,1813,0,889.3733
7/27/2020,Jul,California,1833,6891,29,3556.9523
7/27/2020,Jul,Colorado,845,547,0,1687.7551
7/27/2020,Jul,Florida,1001,8892,77,1982.8915
7/27/2020,Jul,Georgia,1724,2890,11,3350.7352
7/27/2020,Jul,Illinois,1923,1231,18,3727.2233
7/27/2020,Jul,Maryland,261,1128,7,582.8855
7/27/2020,Jul,Massachuttces,512,289,7,1057.7524
7/27/2020,Jul,Michigan,581,512,5,1188.2935
7/27/2020,Jul,Minniesota,430,650,2,902.6166
7/27/2020,Jul,Nevada,455,997,5,949.9141
7/27/2020,Jul,New Jersey,412,449,18,868.5624
7/27/2020,Jul,New York,781,608,11,1566.6735
7/27/2020,Jul,North Carolina,609,1625,5,1241.2667
7/27/2020,Jul,Pennsylvania,395,839,4,836.4001
7/27/2020,Jul,Texas,2227,4267,675,4302.3609
7/27/2020,Jul,Utah,415,436,7,874.2381
7/27/2020,Jul,Washington,613,973,7,1248.8343
7/28/2020,Jul,Arizona,400,2107,104,845.8596
7/28/2020,Jul,California,1728,6000,73,3358.3028
7/28/2020,Jul,Colorado,652,229,7,1322.6184
7/28/2020,Jul,Florida,865,9230,191,1725.5931
7/28/2020,Jul,Georgia,1598,4209,54,3112.3558
7/28/2020,Jul,Illinois,1610,1076,30,3135.0586
7/28/2020,Jul,Maryland,253,648,11,567.7503
7/28/2020,Jul,Massachuttces,374,256,15,796.6702
7/28/2020,Jul,Michigan,538,785,16,1106.9418
7/28/2020,Jul,Minniesota,404,478,4,853.4272
7/28/2020,Jul,Nevada,340,1105,20,732.3456
7/28/2020,Jul,New Jersey,407,483,22,859.1029
7/28/2020,Jul,New York,672,534,9,1360.4564
7/28/2020,Jul,North Carolina,423,1749,30,889.3733
7/28/2020,Jul,Pennsylvania,326,1120,24,705.859
7/28/2020,Jul,Texas,1899,8342,164,3681.8177
7/28/2020,Jul,Utah,409,446,5,862.8867
7/28/2020,Jul,Washington,627,909,17,1275.3209
7/29/2020,Jul,Arizona,376,2339,46,800.454
7/29/2020,Jul,California,1628,8755,197,3169.1128
7/29/2020,Jul,Colorado,681,749,11,1377.4835
7/29/2020,Jul,Florida,769,9446,217,1543.9707
7/29/2020,Jul,Georgia,1600,3271,79,3116.1396
7/29/2020,Jul,Illinois,1527,1393,16,2978.0309
7/29/2020,Jul,Maryland,251,761,20,563.9665
7/29/2020,Jul,Massachuttces,356,502,29,762.616
7/29/2020,Jul,Michigan,561,1016,1,1150.4555
7/29/2020,Jul,Minniesota,390,666,9,826.9406
7/29/2020,Jul,Nevada,328,870,21,709.6428
7/29/2020,Jul,New Jersey,386,471,18,819.373
7/29/2020,Jul,New York,572,715,6,1171.2664
7/29/2020,Jul,North Carolina,413,1763,45,870.4543
7/29/2020,Jul,Pennsylvania,313,834,16,681.2643
7/29/2020,Jul,Texas,1747,9042,313,3394.2489
7/29/2020,Jul,Utah,374,339,6,796.6702
7/29/2020,Jul,Washington,596,875,30,1216.672
7/30/2020,Jul,Arizona,413,2525,172,870.4543
7/30/2020,Jul,California,1849,10197,194,3587.2227
7/30/2020,Jul,Colorado,832,482,9,1663.1604
7/30/2020,Jul,Florida,996,9956,252,1973.432
7/30/2020,Jul,Georgia,1723,3963,29,3348.8433
7/30/2020,Jul,Illinois,1816,1772,16,3524.79
7/30/2020,Jul,Maryland,285,892,10,628.2911
7/30/2020,Jul,Massachuttces,478,414,15,993.4278
7/30/2020,Jul,Michigan,596,807,21,1216.672
7/30/2020,Jul,Minniesota,438,745,5,917.7518
7/30/2020,Jul,Nevada,445,1018,21,930.9951
7/30/2020,Jul,New Jersey,474,204,11,985.8602
7/30/2020,Jul,New York,763,777,13,1532.6193
7/30/2020,Jul,North Carolina,601,2344,38,1226.1315
7/30/2020,Jul,Pennsylvania,409,860,14,862.8867
7/30/2020,Jul,Texas,1952,8800,84,3782.0884
7/30/2020,Jul,Utah,439,502,8,919.6437
7/30/2020,Jul,Washington,678,733,7,1371.8078
7/31/2020,Jul,Arizona,423,3212,68,889.3733
7/31/2020,Jul,California,1831,8086,96,3553.1685
7/31/2020,Jul,Colorado,845,408,3,1687.7551
7/31/2020,Jul,Florida,965,9007,257,1914.7831
7/31/2020,Jul,Georgia,1748,4066,81,3396.1408
7/31/2020,Jul,Illinois,1784,1980,22,3464.2492
7/31/2020,Jul,Maryland,284,1169,5,626.3992
7/31/2020,Jul,Massachuttces,517,514,14,1067.2119
7/31/2020,Jul,Michigan,609,793,7,1241.2667
7/31/2020,Jul,Minniesota,444,771,6,929.1032
7/31/2020,Jul,Nevada,457,1264,29,953.6979
7/31/2020,Jul,New Jersey,455,690,11,949.9141
7/31/2020,Jul,New York,768,644,5,1542.0788
7/31/2020,Jul,North Carolina,606,1954,21,1235.591
7/31/2020,Jul,Pennsylvania,384,970,13,815.5892
7/31/2020,Jul,Texas,2164,8839,295,4183.1712
7/31/2020,Jul,Utah,434,500,4,910.1842
7/31/2020,Jul,Washington,668,687,9,1352.8888
8/1/2020,Aug,Arizona,405,2992,53,855.3191
8/1/2020,Aug,California,1938,6542,219,3755.6018
8/1/2020,Aug,Colorado,732,605,0,1473.9704
8/1/2020,Aug,Florida,934,9642,178,1856.1342
8/1/2020,Aug,Georgia,1896,3660,73,3676.142
8/1/2020,Aug,Illinois,1749,1639,8,3398.0327
8/1/2020,Aug,Maryland,265,1019,13,590.4531
8/1/2020,Aug,Massachuttces,480,428,17,997.2116
8/1/2020,Aug,Michigan,629,758,7,1279.1047
8/1/2020,Aug,Minniesota,454,725,6,948.0222
8/1/2020,Aug,Nevada,390,986,2,826.9406
8/1/2020,Aug,New Jersey,419,369,12,881.8057
8/1/2020,Aug,New York,846,753,14,1689.647
8/1/2020,Aug,North Carolina,590,1730,40,1205.3206
8/1/2020,Aug,Pennsylvania,321,888,15,696.3995
8/1/2020,Aug,Texas,2076,9539,268,4016.684
8/1/2020,Aug,Utah,445,506,6,930.9951
8/1/2020,Aug,Washington,770,410,0,1545.8626
8/2/2020,Aug,Arizona,421,1465,18,885.5895
8/2/2020,Aug,California,2014,9032,132,3899.3862
8/2/2020,Aug,Colorado,804,458,0,1610.1872
8/2/2020,Aug,Florida,968,7104,62,1920.4588
8/2/2020,Aug,Georgia,2223,3165,15,4294.7933
8/2/2020,Aug,Illinois,1748,1467,14,3396.1408
8/2/2020,Aug,Maryland,274,909,9,607.4802
8/2/2020,Aug,Massachuttces,596,418,12,1216.672
8/2/2020,Aug,Michigan,712,429,0,1436.1324
8/2/2020,Aug,Minniesota,499,759,8,1033.1577
8/2/2020,Aug,Nevada,471,1131,0,980.1845
8/2/2020,Aug,New Jersey,494,321,6,1023.6982
8/2/2020,Aug,New York,973,531,6,1929.9183
8/2/2020,Aug,North Carolina,600,1341,5,1224.2396
8/2/2020,Aug,Pennsylvania,360,654,5,770.1836
8/2/2020,Aug,Texas,2141,0,0,4139.6575
8/2/2020,Aug,Utah,490,473,1,1016.1306
8/2/2020,Aug,Washington,797,228,28,1596.9439
8/3/2020,Aug,Arizona,432,1030,14,906.4004
8/3/2020,Aug,California,2004,5739,32,3880.4672
8/3/2020,Aug,Colorado,876,449,0,1746.404
8/3/2020,Aug,Florida,973,4752,73,1929.9183
8/3/2020,Aug,Georgia,1983,2258,2,3840.7373
8/3/2020,Aug,Illinois,1990,1298,9,3853.9806
8/3/2020,Aug,Maryland,281,870,8,620.7235
8/3/2020,Aug,Massachuttces,517,199,10,1067.2119
8/3/2020,Aug,Michigan,684,613,6,1383.1592
8/3/2020,Aug,Minniesota,509,613,2,1052.0767
8/3/2020,Aug,Nevada,444,994,15,929.1032
8/3/2020,Aug,New Jersey,414,264,10,872.3462
8/3/2020,Aug,New York,945,545,2,1876.9451
8/3/2020,Aug,North Carolina,485,1313,13,1006.6711
8/3/2020,Aug,Pennsylvania,395,565,0,836.4001
8/3/2020,Aug,Texas,2253,11529,179,4351.5503
8/3/2020,Aug,Utah,479,354,3,995.3197
8/3/2020,Aug,Washington,764,840,4,1534.5112
8/4/2020,Aug,Arizona,401,1008,66,847.7515
8/4/2020,Aug,California,1841,4526,113,3572.0875
8/4/2020,Aug,Colorado,777,252,19,1559.1059
8/4/2020,Aug,Florida,815,5446,247,1630.9981
8/4/2020,Aug,Georgia,1801,2513,79,3496.4115
8/4/2020,Aug,Illinois,1553,1471,19,3027.2203
8/4/2020,Aug,Maryland,185,710,7,439.1011
8/4/2020,Aug,Massachuttces,359,546,9,768.2917
8/4/2020,Aug,Michigan,579,801,8,1184.5097
8/4/2020,Aug,Minniesota,463,602,4,965.0493
8/4/2020,Aug,Nevada,355,980,15,760.7241
8/4/2020,Aug,New Jersey,206,356,11,478.831
8/4/2020,Aug,New York,533,746,3,1097.4823
8/4/2020,Aug,North Carolina,404,1629,28,853.4272
8/4/2020,Aug,Pennsylvania,257,854,23,575.3179
8/4/2020,Aug,Texas,1978,9167,245,3831.2778
8/4/2020,Aug,Utah,455,378,7,949.9141
8/4/2020,Aug,Washington,770,839,4,1545.8626
8/5/2020,Aug,Arizona,414,1698,87,872.3462
8/5/2020,Aug,California,1930,5295,202,3740.4666
8/5/2020,Aug,Colorado,800,426,0,1602.6196
8/5/2020,Aug,Florida,868,5409,225,1731.2688
8/5/2020,Aug,Georgia,1918,3765,63,3717.7638
8/5/2020,Aug,Illinois,1739,1759,28,3379.1137
8/5/2020,Aug,Maryland,262,572,6,584.7774
8/5/2020,Aug,Massachuttces,424,440,2,891.2652
8/5/2020,Aug,Michigan,623,718,7,1267.7533
8/5/2020,Aug,Minniesota,486,617,10,1008.563
8/5/2020,Aug,Nevada,361,649,28,772.0755
8/5/2020,Aug,New Jersey,422,357,7,887.4814
8/5/2020,Aug,New York,869,636,4,1733.1607
8/5/2020,Aug,North Carolina,455,1127,40,949.9141
8/5/2020,Aug,Pennsylvania,351,705,12,753.1565
8/5/2020,Aug,Texas,2065,8706,236,3995.8731
8/5/2020,Aug,Utah,451,421,6,942.3465
8/5/2020,Aug,Washington,738,725,19,1485.3218
8/6/2020,Aug,Arizona,470,1444,70,978.2926
8/6/2020,Aug,California,2001,5258,166,3874.7915
8/6/2020,Aug,Colorado,904,594,7,1799.3772
8/6/2020,Aug,Florida,1013,7650,120,2005.5943
8/6/2020,Aug,Georgia,2013,3182,42,3897.4943
8/6/2020,Aug,Illinois,1779,1953,21,3454.7897
8/6/2020,Aug,Maryland,286,579,15,630.183
8/6/2020,Aug,Massachuttces,478,231,32,993.4278
8/6/2020,Aug,Michigan,678,763,28,1371.8078
8/6/2020,Aug,Minniesota,524,861,7,1080.4552
8/6/2020,Aug,Nevada,474,729,10,985.8602
8/6/2020,Aug,New Jersey,443,374,7,927.2113
8/6/2020,Aug,New York,973,703,6,1929.9183
8/6/2020,Aug,North Carolina,610,1979,42,1243.1586
8/6/2020,Aug,Pennsylvania,437,807,38,915.8599
8/6/2020,Aug,Texas,2410,7598,306,4648.5786
8/6/2020,Aug,Utah,477,587,3,991.5359
8/6/2020,Aug,Washington,752,706,5,1511.8084
8/7/2020,Aug,Arizona,461,1406,79,961.2655
8/7/2020,Aug,California,2059,8436,142,3984.5217
8/7/2020,Aug,Colorado,925,448,12,1839.1071
8/7/2020,Aug,Florida,987,7686,180,1956.4049
8/7/2020,Aug,Georgia,2216,4109,91,4281.55
8/7/2020,Aug,Illinois,1855,2103,31,3598.5741
8/7/2020,Aug,Maryland,287,801,14,632.0749
8/7/2020,Aug,Massachuttces,489,417,18,1014.2387
8/7/2020,Aug,Michigan,690,814,18,1394.5106
8/7/2020,Aug,Minniesota,513,545,4,1059.6443
8/7/2020,Aug,Nevada,465,976,20,968.8331
8/7/2020,Aug,New Jersey,475,360,11,987.7521
8/7/2020,Aug,New York,942,714,5,1871.2694
8/7/2020,Aug,North Carolina,602,1545,42,1228.0234
8/7/2020,Aug,Pennsylvania,407,758,15,859.1029
8/7/2020,Aug,Texas,2390,7039,293,4610.7406
8/7/2020,Aug,Utah,474,460,5,985.8602
8/7/2020,Aug,Washington,752,659,29,1511.8084
8/8/2020,Aug,Arizona,434,1054,56,910.1842
8/8/2020,Aug,California,1927,7371,178,3734.7909
8/8/2020,Aug,Colorado,842,457,7,1682.0794
8/8/2020,Aug,Florida,943,8502,187,1873.1613
8/8/2020,Aug,Georgia,1997,4423,69,3867.2239
8/8/2020,Aug,Illinois,1840,2190,18,3570.1956
8/8/2020,Aug,Maryland,253,775,12,567.7503
8/8/2020,Aug,Massachuttces,401,420,12,847.7515
8/8/2020,Aug,Michigan,617,721,0,1256.4019
8/8/2020,Aug,Minniesota,480,916,8,997.2116
8/8/2020,Aug,Nevada,392,886,29,830.7244
8/8/2020,Aug,New Jersey,429,368,9,900.7247
8/8/2020,Aug,New York,907,703,5,1805.0529
8/8/2020,Aug,North Carolina,604,1954,26,1231.8072
8/8/2020,Aug,Pennsylvania,339,813,16,730.4537
8/8/2020,Aug,Texas,2274,6959,247,4391.2802
8/8/2020,Aug,Utah,436,376,0,913.968
8/8/2020,Aug,Washington,742,366,19,1492.8894
8/9/2020,Aug,Arizona,466,816,13,970.725
8/9/2020,Aug,California,2070,8373,104,4005.3326
8/9/2020,Aug,Colorado,870,431,0,1735.0526
8/9/2020,Aug,Florida,916,6229,77,1822.08
8/9/2020,Aug,Georgia,2160,3169,13,4175.6036
8/9/2020,Aug,Illinois,1878,1382,5,3642.0878
8/9/2020,Aug,Maryland,271,922,8,601.8045
8/9/2020,Aug,Massachuttces,453,329,14,946.1303
8/9/2020,Aug,Michigan,673,535,0,1362.3483
8/9/2020,Aug,Minniesota,510,797,9,1053.9686
8/9/2020,Aug,Nevada,474,811,8,985.8602
8/9/2020,Aug,New Jersey,472,344,5,982.0764
8/9/2020,Aug,New York,982,515,7,1946.9454
8/9/2020,Aug,North Carolina,601,1452,8,1226.1315
8/9/2020,Aug,Pennsylvania,389,760,1,825.0487
8/9/2020,Aug,Texas,2355,4879,116,4544.5241
8/9/2020,Aug,Utah,439,376,1,919.6437
8/9/2020,Aug,Washington,729,195,16,1468.2947
8/10/2020,Aug,Arizona,474,600,4,985.8602
8/10/2020,Aug,California,1940,7751,66,3759.3856
8/10/2020,Aug,Colorado,892,336,0,1776.6744
8/10/2020,Aug,Florida,956,4155,93,1897.756
8/10/2020,Aug,Georgia,1863,2429,30,3613.7093
8/10/2020,Aug,Illinois,1440,1319,1,2813.4356
8/10/2020,Aug,Maryland,264,755,6,588.5612
8/10/2020,Aug,Massachuttces,366,275,6,781.535
8/10/2020,Aug,Michigan,656,580,7,1330.186
8/10/2020,Aug,Minniesota,496,618,3,1027.482
8/10/2020,Aug,Nevada,433,742,6,908.2923
8/10/2020,Aug,New Jersey,418,258,4,879.9138
8/10/2020,Aug,New York,883,476,2,1759.6473
8/10/2020,Aug,North Carolina,584,626,4,1193.9692
8/10/2020,Aug,Pennsylvania,403,601,3,851.5353
8/10/2020,Aug,Texas,2371,4455,31,4574.7945
8/10/2020,Aug,Utah,453,263,9,946.1303
8/10/2020,Aug,Washington,706,803,0,1424.781
8/11/2020,Aug,Arizona,438,1214,45,917.7518
8/11/2020,Aug,California,1831,12500,109,3553.1685
8/11/2020,Aug,Colorado,811,379,10,1623.4305
8/11/2020,Aug,Florida,804,5831,277,1610.1872
8/11/2020,Aug,Georgia,1810,3563,122,3513.4386
8/11/2020,Aug,Illinois,1591,1549,20,3099.1125
8/11/2020,Aug,Maryland,267,585,13,594.2369
8/11/2020,Aug,Massachuttces,344,392,10,739.9132
8/11/2020,Aug,Michigan,565,907,7,1158.0231
8/11/2020,Aug,Minniesota,477,323,6,991.5359
8/11/2020,Aug,Nevada,356,548,18,762.616
8/11/2020,Aug,New Jersey,371,444,12,790.9945
8/11/2020,Aug,New York,777,667,7,1559.1059
8/11/2020,Aug,North Carolina,450,1051,32,940.4546
8/11/2020,Aug,Pennsylvania,352,828,35,755.0484
8/11/2020,Aug,Texas,2050,9803,220,3967.4946
8/11/2020,Aug,Utah,441,362,4,923.4275
8/11/2020,Aug,Washington,697,683,9,1407.7539
8/12/2020,Aug,Arizona,438,706,148,917.7518
8/12/2020,Aug,California,1828,11645,180,3547.4928
8/12/2020,Aug,Colorado,807,402,5,1615.8629
8/12/2020,Aug,Florida,824,8109,213,1648.0252
8/12/2020,Aug,Georgia,1927,3565,105,3734.7909
8/12/2020,Aug,Illinois,1865,1645,15,3617.4931
8/12/2020,Aug,Maryland,243,541,8,548.8313
8/12/2020,Aug,Massachuttces,371,293,18,790.9945
8/12/2020,Aug,Michigan,619,476,6,1260.1857
8/12/2020,Aug,Minniesota,491,464,17,1018.0225
8/12/2020,Aug,Nevada,385,528,15,817.4811
8/12/2020,Aug,New Jersey,408,463,11,860.9948
8/12/2020,Aug,New York,832,700,7,1663.1604
8/12/2020,Aug,North Carolina,455,1166,45,949.9141
8/12/2020,Aug,Pennsylvania,335,849,33,722.8861
8/12/2020,Aug,Texas,2142,6200,324,4141.5494
8/12/2020,Aug,Utah,450,338,2,940.4546
8/12/2020,Aug,Washington,676,601,19,1368.024
8/13/2020,Aug,Arizona,502,1351,36,1038.8334
8/13/2020,Aug,California,1986,7085,160,3846.413
8/13/2020,Aug,Colorado,930,315,5,1848.5666
8/13/2020,Aug,Florida,977,6236,149,1937.4859
8/13/2020,Aug,Georgia,1999,2515,82,3871.0077
8/13/2020,Aug,Illinois,1812,1834,24,3517.2224
8/13/2020,Aug,Maryland,281,776,8,620.7235
8/13/2020,Aug,Massachuttces,463,319,21,965.0493
8/13/2020,Aug,Michigan,664,1167,16,1345.3212
8/13/2020,Aug,Minniesota,519,690,7,1070.9957
8/13/2020,Aug,Nevada,474,602,34,985.8602
8/13/2020,Aug,New Jersey,421,656,8,885.5895
8/13/2020,Aug,New York,973,737,10,1929.9183
8/13/2020,Aug,North Carolina,598,1763,38,1220.4558
8/13/2020,Aug,Pennsylvania,434,991,24,910.1842
8/13/2020,Aug,Texas,2339,6755,255,4514.2537
8/13/2020,Aug,Utah,476,334,2,989.644
8/13/2020,Aug,Washington,738,606,8,1485.3218
8/14/2020,Aug,Arizona,491,927,40,1018.0225
8/14/2020,Aug,California,2023,7934,188,3916.4133
8/14/2020,Aug,Colorado,940,463,7,1867.4856
8/14/2020,Aug,Florida,926,6148,229,1840.999
8/14/2020,Aug,Georgia,2230,3227,35,4308.0366
8/14/2020,Aug,Illinois,1890,2296,27,3664.7906
8/14/2020,Aug,Maryland,297,715,11,650.9939
8/14/2020,Aug,Massachuttces,439,212,14,919.6437
8/14/2020,Aug,Michigan,677,868,11,1369.9159
8/14/2020,Aug,Minniesota,506,730,8,1046.401
8/14/2020,Aug,Nevada,481,1099,15,999.1035
8/14/2020,Aug,New Jersey,475,570,10,987.7521
8/14/2020,Aug,New York,923,727,4,1835.3233
8/14/2020,Aug,North Carolina,602,1346,26,1228.0234
8/14/2020,Aug,Pennsylvania,403,829,36,851.5353
8/14/2020,Aug,Texas,2365,7018,313,4563.4431
8/14/2020,Aug,Utah,463,552,7,965.0493
8/14/2020,Aug,Washington,729,623,12,1468.2947
8/15/2020,Aug,Arizona,446,933,69,932.887
8/15/2020,Aug,California,1897,12614,151,3678.0339
8/15/2020,Aug,Colorado,844,319,5,1685.8632
8/15/2020,Aug,Florida,890,6352,204,1772.8906
8/15/2020,Aug,Georgia,2000,3273,96,3872.8996
8/15/2020,Aug,Illinois,1822,1828,5,3536.1414
8/15/2020,Aug,Maryland,268,818,5,596.1288
8/15/2020,Aug,Massachuttces,405,366,14,855.3191
8/15/2020,Aug,Michigan,614,1058,20,1250.7262
8/15/2020,Aug,Minniesota,489,690,6,1014.2387
8/15/2020,Aug,Nevada,410,859,24,864.7786
8/15/2020,Aug,New Jersey,449,278,9,938.5627
8/15/2020,Aug,New York,887,734,12,1767.2149
8/15/2020,Aug,North Carolina,598,1536,30,1220.4558
8/15/2020,Aug,Pennsylvania,339,850,20,730.4537
8/15/2020,Aug,Texas,2281,8245,238,4404.5235
8/15/2020,Aug,Utah,433,345,3,908.2923
8/15/2020,Aug,Washington,732,345,19,1473.9704
8/16/2020,Aug,Arizona,460,883,14,959.3736
8/16/2020,Aug,California,2002,7873,77,3876.6834
8/16/2020,Aug,Colorado,888,300,0,1769.1068
8/16/2020,Aug,Florida,909,3779,107,1808.8367
8/16/2020,Aug,Georgia,2151,1862,33,4158.5765
8/16/2020,Aug,Illinois,1909,1562,18,3700.7367
8/16/2020,Aug,Maryland,281,519,3,620.7235
8/16/2020,Aug,Massachuttces,465,303,11,968.8331
8/16/2020,Aug,Michigan,665,477,6,1347.2131
8/16/2020,Aug,Minniesota,500,739,7,1035.0496
8/16/2020,Aug,Nevada,496,697,3,1027.482
8/16/2020,Aug,New Jersey,524,13,2,1080.4552
8/16/2020,Aug,New York,964,607,6,1912.8912
8/16/2020,Aug,North Carolina,603,1246,4,1229.9153
8/16/2020,Aug,Pennsylvania,388,660,3,823.1568
8/16/2020,Aug,Texas,2098,6744,143,4058.3058
8/16/2020,Aug,Utah,439,331,0,919.6437
8/16/2020,Aug,Washington,713,150,11,1438.0243
8/17/2020,Aug,Arizona,457,468,0,953.6979
8/17/2020,Aug,California,1943,6469,18,3765.0613
8/17/2020,Aug,Colorado,930,338,0,1848.5666
8/17/2020,Aug,Florida,892,2678,87,1776.6744
8/17/2020,Aug,Georgia,2167,1831,25,4188.8469
8/17/2020,Aug,Illinois,2019,1773,12,3908.8457
8/17/2020,Aug,Maryland,278,503,2,615.0478
8/17/2020,Aug,Massachuttces,414,213,4,872.3462
8/17/2020,Aug,Michigan,664,490,0,1345.3212
8/17/2020,Aug,Minniesota,519,564,6,1070.9957
8/17/2020,Aug,Nevada,472,662,5,982.0764
8/17/2020,Aug,New Jersey,467,312,4,972.6169
8/17/2020,Aug,New York,884,408,6,1761.5392
8/17/2020,Aug,North Carolina,601,564,1,1226.1315
8/17/2020,Aug,Pennsylvania,427,384,0,896.9409
8/17/2020,Aug,Texas,2214,7368,51,4277.7662
8/17/2020,Aug,Utah,468,242,1,974.5088
8/17/2020,Aug,Washington,678,640,15,1371.8078
8/18/2020,Aug,Arizona,449,915,23,938.5627
8/18/2020,Aug,California,1850,4636,100,3589.1146
8/18/2020,Aug,Colorado,830,194,10,1659.3766
8/18/2020,Aug,Florida,781,3838,219,1566.6735
8/18/2020,Aug,Georgia,1829,2816,67,3549.3847
8/18/2020,Aug,Illinois,1621,1740,26,3155.8695
8/18/2020,Aug,Maryland,273,520,9,605.5883
8/18/2020,Aug,Massachuttces,355,175,6,760.7241
8/18/2020,Aug,Michigan,582,654,16,1190.1854
8/18/2020,Aug,Minniesota,472,345,9,982.0764
8/18/2020,Aug,Nevada,369,672,25,787.2107
8/18/2020,Aug,New Jersey,434,331,10,910.1842
8/18/2020,Aug,New York,737,655,8,1483.4299
8/18/2020,Aug,North Carolina,456,1263,48,951.806
8/18/2020,Aug,Pennsylvania,350,735,31,751.2646
8/18/2020,Aug,Texas,2054,7282,216,3975.0622
8/18/2020,Aug,Utah,428,263,5,898.8328
8/18/2020,Aug,Washington,698,598,4,1409.6458
8/19/2020,Aug,Arizona,444,637,105,929.1032
8/19/2020,Aug,California,1842,6164,181,3573.9794
8/19/2020,Aug,Colorado,838,261,10,1674.5118
8/19/2020,Aug,Florida,807,4115,174,1615.8629
8/19/2020,Aug,Georgia,1800,2305,55,3494.5196
8/19/2020,Aug,Illinois,1910,2295,24,3702.6286
8/19/2020,Aug,Maryland,264,414,11,588.5612
8/19/2020,Aug,Massachuttces,394,827,37,834.5082
8/19/2020,Aug,Michigan,624,688,10,1269.6452
8/19/2020,Aug,Minniesota,477,557,17,991.5359
8/19/2020,Aug,Nevada,376,389,32,800.454
8/19/2020,Aug,New Jersey,462,329,11,963.1574
8/19/2020,Aug,New York,785,631,6,1574.2411
8/19/2020,Aug,North Carolina,473,1153,35,983.9683
8/19/2020,Aug,Pennsylvania,361,570,24,772.0755
8/19/2020,Aug,Texas,2188,7024,309,4228.5768
8/19/2020,Aug,Utah,437,364,8,915.8599
8/19/2020,Aug,Washington,673,563,24,1362.3483
8/20/2020,Aug,Arizona,484,723,50,1004.7792
8/20/2020,Aug,California,1974,5920,163,3823.7102
8/20/2020,Aug,Colorado,933,270,12,1854.2423
8/20/2020,Aug,Florida,982,4555,119,1946.9454
8/20/2020,Aug,Georgia,1972,2759,55,3819.9264
8/20/2020,Aug,Illinois,1833,1832,27,3556.9523
8/20/2020,Aug,Maryland,290,580,8,637.7506
8/20/2020,Aug,Massachuttces,432,313,12,906.4004
8/20/2020,Aug,Michigan,683,527,16,1381.2673
8/20/2020,Aug,Minniesota,516,690,7,1065.32
8/20/2020,Aug,Nevada,467,556,38,972.6169
8/20/2020,Aug,New Jersey,484,100,6,1004.7792
8/20/2020,Aug,New York,923,601,5,1835.3233
8/20/2020,Aug,North Carolina,644,1972,34,1307.4832
8/20/2020,Aug,Pennsylvania,457,791,15,953.6979
8/20/2020,Aug,Texas,2446,5303,234,4716.687
8/20/2020,Aug,Utah,477,461,4,991.5359
8/20/2020,Aug,Washington,740,443,13,1489.1056
8/21/2020,Aug,Arizona,501,619,4,1036.9415
8/21/2020,Aug,California,2061,5585,135,3988.3055
8/21/2020,Aug,Colorado,939,329,15,1865.5937
8/21/2020,Aug,Florida,953,4684,118,1892.0803
8/21/2020,Aug,Georgia,2234,2889,94,4315.6042
8/21/2020,Aug,Illinois,1937,2293,22,3753.7099
8/21/2020,Aug,Maryland,287,670,5,632.0749
8/21/2020,Aug,Massachuttces,473,488,13,983.9683
8/21/2020,Aug,Michigan,676,0,0,1368.024
8/21/2020,Aug,Minniesota,519,825,8,1070.9957
8/21/2020,Aug,Nevada,459,849,13,957.4817
8/21/2020,Aug,New Jersey,522,290,9,1076.6714
8/21/2020,Aug,New York,895,709,3,1782.3501
8/21/2020,Aug,North Carolina,646,2008,29,1311.267
8/21/2020,Aug,Pennsylvania,420,693,20,883.6976
8/21/2020,Aug,Texas,2436,5021,258,4697.768
8/21/2020,Aug,Utah,469,463,2,976.4007
8/21/2020,Aug,Washington,731,441,15,1472.0785
8/22/2020,Aug,Arizona,451,996,68,942.3465
8/22/2020,Aug,California,1903,6556,167,3689.3853
8/22/2020,Aug,Colorado,853,356,0,1702.8903
8/22/2020,Aug,Florida,930,4311,107,1848.5666
8/22/2020,Aug,Georgia,1982,2592,94,3838.8454
8/22/2020,Aug,Illinois,1845,2356,17,3579.6551
8/22/2020,Aug,Maryland,263,624,11,586.6693
8/22/2020,Aug,Massachuttces,399,144,20,843.9677
8/22/2020,Aug,Michigan,612,1426,21,1246.9424
8/22/2020,Aug,Minniesota,474,734,8,985.8602
8/22/2020,Aug,Nevada,401,636,12,847.7515
8/22/2020,Aug,New Jersey,459,419,2,957.4817
8/22/2020,Aug,New York,854,653,4,1704.7822
8/22/2020,Aug,North Carolina,635,1729,27,1290.4561
8/22/2020,Aug,Pennsylvania,350,796,18,751.2646
8/22/2020,Aug,Texas,2310,5559,215,4459.3886
8/22/2020,Aug,Utah,450,369,2,940.4546
8/22/2020,Aug,Washington,722,184,13,1455.0514
8/23/2020,Aug,Arizona,463,208,15,965.0493
8/23/2020,Aug,California,2020,6777,146,3910.7376
8/23/2020,Aug,Colorado,864,297,0,1723.7012
8/23/2020,Aug,Florida,885,2974,51,1763.4311
8/23/2020,Aug,Georgia,2196,1727,40,4243.712
8/23/2020,Aug,Illinois,1910,1893,6,3702.6286
8/23/2020,Aug,Maryland,282,579,6,622.6154
8/23/2020,Aug,Massachuttces,453,0,0,946.1303
8/23/2020,Aug,Michigan,676,764,4,1368.024
8/23/2020,Aug,Minniesota,501,717,6,1036.9415
8/23/2020,Aug,Nevada,487,532,0,1010.4549
8/23/2020,Aug,New Jersey,517,258,3,1067.2119
8/23/2020,Aug,New York,917,572,6,1823.9719
8/23/2020,Aug,North Carolina,635,1472,10,1290.4561
8/23/2020,Aug,Pennsylvania,396,619,2,838.292
8/23/2020,Aug,Texas,2385,4398,104,4601.2811
8/23/2020,Aug,Utah,434,301,0,910.1842
8/23/2020,Aug,Washington,708,61,7,1428.5648
8/24/2020,Aug,Arizona,494,311,0,1023.6982
8/24/2020,Aug,California,1998,4946,18,3869.1158
8/24/2020,Aug,Colorado,941,260,0,1869.3775
8/24/2020,Aug,Florida,917,2258,72,1823.9719
8/24/2020,Aug,Georgia,2166,2304,24,4186.955
8/24/2020,Aug,Illinois,2060,1612,8,3986.4136
8/24/2020,Aug,Maryland,281,567,3,620.7235
8/24/2020,Aug,Massachuttces,428,662,27,898.8328
8/24/2020,Aug,Michigan,674,878,4,1364.2402
8/24/2020,Aug,Minniesota,509,714,4,1052.0767
8/24/2020,Aug,Nevada,460,409,3,959.3736
8/24/2020,Aug,New Jersey,475,225,3,987.7521
8/24/2020,Aug,New York,860,408,7,1716.1336
8/24/2020,Aug,North Carolina,640,1283,4,1299.9156
8/24/2020,Aug,Pennsylvania,418,426,1,879.9138
8/24/2020,Aug,Texas,2414,2847,25,4656.1462
8/24/2020,Aug,Utah,468,249,5,974.5088
8/24/2020,Aug,Washington,686,22,6,1386.943
8/25/2020,Aug,Arizona,450,859,21,940.4546
8/25/2020,Aug,California,1852,4480,105,3592.8984
8/25/2020,Aug,Colorado,839,198,9,1676.4037
8/25/2020,Aug,Florida,818,2673,183,1636.6738
8/25/2020,Aug,Georgia,1816,2101,106,3524.79
8/25/2020,Aug,Illinois,1622,1680,29,3157.7614
8/25/2020,Aug,Maryland,254,377,13,569.6422
8/25/2020,Aug,Massachuttces,351,398,12,753.1565
8/25/2020,Aug,Michigan,583,951,21,1192.0773
8/25/2020,Aug,Minniesota,471,409,8,980.1845
8/25/2020,Aug,Nevada,368,403,30,785.3188
8/25/2020,Aug,New Jersey,423,302,4,889.3733
8/25/2020,Aug,New York,757,629,2,1521.2679
8/25/2020,Aug,North Carolina,473,1345,35,983.9683
8/25/2020,Aug,Pennsylvania,361,561,26,772.0755
8/25/2020,Aug,Texas,2030,6346,181,3929.6566
8/25/2020,Aug,Utah,427,403,7,896.9409
8/25/2020,Aug,Washington,695,0,4,1403.9701
8/26/2020,Aug,Arizona,446,186,104,932.887
8/26/2020,Aug,California,1829,6004,150,3549.3847
8/26/2020,Aug,Colorado,782,459,2,1568.5654
8/26/2020,Aug,Florida,800,3220,155,1602.6196
8/26/2020,Aug,Georgia,1936,2236,49,3751.818
8/26/2020,Aug,Illinois,1821,2157,37,3534.2495
8/26/2020,Aug,Maryland,263,440,10,586.6693
8/26/2020,Aug,Massachuttces,376,336,27,800.454
8/26/2020,Aug,Michigan,611,843,6,1245.0505
8/26/2020,Aug,Minniesota,470,529,17,978.2926
8/26/2020,Aug,Nevada,377,253,20,802.3459
8/26/2020,Aug,New Jersey,468,285,10,974.5088
8/26/2020,Aug,New York,767,566,8,1540.1869
8/26/2020,Aug,North Carolina,485,1244,36,1006.6711
8/26/2020,Aug,Pennsylvania,360,501,19,770.1836
8/26/2020,Aug,Texas,1533,5407,229,2989.3823
8/26/2020,Aug,Utah,437,407,4,915.8599
8/26/2020,Aug,Washington,677,24,9,1369.9159
8/27/2020,Aug,Arizona,496,680,33,1027.482
8/27/2020,Aug,California,1941,4430,143,3761.2775
8/27/2020,Aug,Colorado,925,193,9,1839.1071
8/27/2020,Aug,Florida,993,3269,139,1967.7563
8/27/2020,Aug,Georgia,1973,2484,82,3821.8183
8/27/2020,Aug,Illinois,1769,1707,23,3435.8707
8/27/2020,Aug,Maryland,289,577,5,635.8587
8/27/2020,Aug,Massachuttces,426,368,20,895.049
8/27/2020,Aug,Michigan,672,863,16,1360.4564
8/27/2020,Aug,Minniesota,525,1154,13,1082.3471
8/27/2020,Aug,Nevada,472,554,21,982.0764
8/27/2020,Aug,New Jersey,444,307,7,929.1032
8/27/2020,Aug,New York,862,791,4,1719.9174
8/27/2020,Aug,North Carolina,645,2091,24,1309.3751
8/27/2020,Aug,Pennsylvania,441,620,11,923.4275
8/27/2020,Aug,Texas,2057,5600,265,3980.7379
8/27/2020,Aug,Utah,482,383,2,1000.9954
8/27/2020,Aug,Washington,732,456,4,1473.9704
8/28/2020,Aug,Arizona,496,519,49,1027.482
8/28/2020,Aug,California,1996,5329,140,3865.332
8/28/2020,Aug,Colorado,912,350,0,1814.5124
8/28/2020,Aug,Florida,944,3815,88,1875.0532
8/28/2020,Aug,Georgia,2208,2298,78,4266.4148
8/28/2020,Aug,Illinois,1897,2434,20,3678.0339
8/28/2020,Aug,Maryland,252,601,14,565.8584
8/28/2020,Aug,Massachuttces,457,460,16,953.6979
8/28/2020,Aug,Michigan,597,793,6,1218.5639
8/28/2020,Aug,Minniesota,487,850,4,1010.4549
8/28/2020,Aug,Nevada,453,632,16,946.1303
8/28/2020,Aug,New Jersey,485,358,10,1006.6711
8/28/2020,Aug,New York,854,636,3,1704.7822
8/28/2020,Aug,North Carolina,624,1415,22,1269.6452
8/28/2020,Aug,Pennsylvania,330,835,20,713.4266
8/28/2020,Aug,Texas,2340,4031,196,4516.1456
8/28/2020,Aug,Utah,462,391,4,963.1574
8/28/2020,Aug,Washington,713,542,10,1438.0243
8/29/2020,Aug,Arizona,448,629,29,936.6708
8/29/2020,Aug,California,1862,4981,144,3611.8174
8/29/2020,Aug,Colorado,848,430,8,1693.4308
8/29/2020,Aug,Florida,936,3197,150,1859.918
8/29/2020,Aug,Georgia,1983,2386,105,3840.7373
8/29/2020,Aug,Illinois,1833,1880,11,3556.9523
8/29/2020,Aug,Maryland,265,630,10,590.4531
8/29/2020,Aug,Massachuttces,414,446,13,872.3462
8/29/2020,Aug,Michigan,610,0,0,1243.1586
8/29/2020,Aug,Minniesota,476,1017,4,989.644
8/29/2020,Aug,Nevada,401,609,15,847.7515
8/29/2020,Aug,New Jersey,469,349,3,976.4007
8/29/2020,Aug,New York,798,635,7,1598.8358
8/29/2020,Aug,North Carolina,635,2585,31,1290.4561
8/29/2020,Aug,Pennsylvania,337,843,16,726.6699
8/29/2020,Aug,Texas,2301,4762,154,4442.3615
8/29/2020,Aug,Utah,439,458,0,919.6437
8/29/2020,Aug,Washington,717,598,15,1445.5919
8/30/2020,Aug,Arizona,454,374,23,948.0222
8/30/2020,Aug,California,1981,6070,71,3836.9535
8/30/2020,Aug,Colorado,806,268,0,1613.971
8/30/2020,Aug,Florida,752,2583,14,1511.8084
8/30/2020,Aug,Georgia,1550,1215,28,3021.5446
8/30/2020,Aug,Illinois,1865,1992,11,3617.4931
8/30/2020,Aug,Maryland,266,497,6,592.345
8/30/2020,Aug,Massachuttces,432,199,13,906.4004
8/30/2020,Aug,Michigan,512,1390,36,1057.7524
8/30/2020,Aug,Minniesota,426,932,2,895.049
8/30/2020,Aug,Nevada,456,447,0,951.806
8/30/2020,Aug,New Jersey,466,291,4,970.725
8/30/2020,Aug,New York,818,698,8,1636.6738
8/30/2020,Aug,North Carolina,563,1051,9,1154.2393
8/30/2020,Aug,Pennsylvania,327,670,2,707.7509
8/30/2020,Aug,Texas,2166,3824,90,4186.955
8/30/2020,Aug,Utah,406,448,0,857.211
8/30/2020,Aug,Washington,681,1019,0,1377.4835
8/31/2020,Aug,Arizona,477,174,0,991.5359
8/31/2020,Aug,California,1999,4176,28,3871.0077
8/31/2020,Aug,Colorado,923,182,0,1835.3233
8/31/2020,Aug,Florida,944,1885,68,1875.0532
8/31/2020,Aug,Georgia,2062,1498,28,3990.1974
8/31/2020,Aug,Illinois,2023,1668,7,3916.4133
8/31/2020,Aug,Maryland,287,458,3,632.0749
8/31/2020,Aug,Massachuttces,430,304,11,902.6166
8/31/2020,Aug,Michigan,664,499,5,1345.3212
8/31/2020,Aug,Minniesota,502,675,1,1038.8334
8/31/2020,Aug,Nevada,455,320,3,949.9141
8/31/2020,Aug,New Jersey,477,349,8,991.5359
8/31/2020,Aug,New York,887,656,1,1767.2149
8/31/2020,Aug,North Carolina,606,1186,10,1235.591
8/31/2020,Aug,Pennsylvania,423,521,0,889.3733
8/31/2020,Aug,Texas,2393,2615,26,4616.4163
8/31/2020,Aug,Utah,474,253,0,985.8602
8/31/2020,Aug,Washington,685,0,0,1385.0511
9/1/2020,Sep,Arizona,446,507,15,932.887
9/1/2020,Sep,California,1925,3712,85,3731.0071
9/1/2020,Sep,Colorado,832,201,6,1663.1604
9/1/2020,Sep,Florida,810,7569,190,1621.5386
9/1/2020,Sep,Georgia,1829,2226,101,3549.3847
9/1/2020,Sep,Illinois,1769,1492,38,3435.8707
9/1/2020,Sep,Maryland,258,614,6,577.2098
9/1/2020,Sep,Massachuttces,391,355,4,828.8325
9/1/2020,Sep,Michigan,574,795,14,1175.0502
9/1/2020,Sep,Minniesota,450,491,6,940.4546
9/1/2020,Sep,Nevada,364,405,8,777.7512
9/1/2020,Sep,New Jersey,473,330,5,983.9683
9/1/2020,Sep,New York,753,754,3,1513.7003
9/1/2020,Sep,North Carolina,463,2111,39,965.0493
9/1/2020,Sep,Pennsylvania,371,770,18,790.9945
9/1/2020,Sep,Texas,1489,4364,145,2906.1387
9/1/2020,Sep,Utah,432,296,2,906.4004
9/1/2020,Sep,Washington,747,315,10,1502.3489
9/2/2020,Sep,Arizona,476,519,21,989.644
9/2/2020,Sep,California,1931,4255,145,3742.3585
9/2/2020,Sep,Colorado,813,351,4,1627.2143
9/2/2020,Sep,Florida,890,2402,130,1772.8906
9/2/2020,Sep,Georgia,1921,1916,62,3723.4395
9/2/2020,Sep,Illinois,1796,2128,27,3486.952
9/2/2020,Sep,Maryland,260,456,5,580.9936
9/2/2020,Sep,Massachuttces,414,0,0,872.3462
9/2/2020,Sep,Michigan,637,648,14,1294.2399
9/2/2020,Sep,Minniesota,475,730,10,987.7521
9/2/2020,Sep,Nevada,373,239,23,794.7783
9/2/2020,Sep,New Jersey,462,305,11,963.1574
9/2/2020,Sep,New York,791,708,5,1585.5925
9/2/2020,Sep,North Carolina,481,1129,38,999.1035
9/2/2020,Sep,Pennsylvania,355,816,21,760.7241
9/2/2020,Sep,Texas,1906,4334,189,3695.061
9/2/2020,Sep,Utah,446,419,1,932.887
9/2/2020,Sep,Washington,708,304,16,1428.5648
9/3/2020,Sep,Arizona,529,1092,65,1089.9147
9/3/2020,Sep,California,2086,5125,164,4035.603
9/3/2020,Sep,Colorado,949,244,0,1884.5127
9/3/2020,Sep,Florida,984,3571,149,1950.7292
9/3/2020,Sep,Georgia,2004,2675,73,3880.4672
9/3/2020,Sep,Illinois,2052,1360,24,3971.2784
9/3/2020,Sep,Maryland,291,693,12,639.6425
9/3/2020,Sep,Massachuttces,465,415,17,968.8331
9/3/2020,Sep,Michigan,676,774,10,1368.024
9/3/2020,Sep,Minniesota,540,1038,7,1110.7256
9/3/2020,Sep,Nevada,500,351,27,1035.0496
9/3/2020,Sep,New Jersey,561,378,7,1150.4555
9/3/2020,Sep,New York,1006,889,7,1992.351
9/3/2020,Sep,North Carolina,649,1656,24,1316.9427
9/3/2020,Sep,Pennsylvania,443,1160,20,927.2113
9/3/2020,Sep,Texas,2370,3680,221,4572.9026
9/3/2020,Sep,Utah,495,504,4,1025.5901
9/3/2020,Sep,Washington,800,438,4,1602.6196
9/4/2020,Sep,Arizona,536,728,41,1103.158
9/4/2020,Sep,California,2139,5106,163,4135.8737
9/4/2020,Sep,Colorado,938,268,8,1863.7018
9/4/2020,Sep,Florida,1043,3198,103,2062.3513
9/4/2020,Sep,Georgia,2189,2066,63,4230.4687
9/4/2020,Sep,Illinois,2064,5594,38,3993.9812
9/4/2020,Sep,Maryland,290,819,11,637.7506
9/4/2020,Sep,Massachuttces,480,212,23,997.2116
9/4/2020,Sep,Michigan,729,1053,7,1468.2947
9/4/2020,Sep,Minniesota,524,843,10,1080.4552
9/4/2020,Sep,Nevada,525,489,12,1082.3471
9/4/2020,Sep,New Jersey,545,449,7,1120.1851
9/4/2020,Sep,New York,968,864,5,1920.4588
9/4/2020,Sep,North Carolina,659,2045,36,1335.8617
9/4/2020,Sep,Pennsylvania,422,891,10,887.4814
9/4/2020,Sep,Texas,2358,5482,140,4550.1998
9/4/2020,Sep,Utah,481,513,5,999.1035
9/4/2020,Sep,Washington,803,479,10,1608.2953
9/5/2020,Sep,Arizona,397,835,36,840.1839
9/5/2020,Sep,California,1905,4956,153,3693.1691
9/5/2020,Sep,Colorado,782,368,5,1568.5654
9/5/2020,Sep,Florida,885,3656,60,1763.4311
9/5/2020,Sep,Georgia,1964,2194,46,3804.7912
9/5/2020,Sep,Illinois,1419,2806,23,2773.7057
9/5/2020,Sep,Maryland,254,776,7,569.6422
9/5/2020,Sep,Massachuttces,372,438,16,792.8864
9/5/2020,Sep,Michigan,653,896,8,1324.5103
9/5/2020,Sep,Minniesota,441,914,4,923.4275
9/5/2020,Sep,Nevada,396,390,13,838.292
9/5/2020,Sep,New Jersey,449,325,7,938.5627
9/5/2020,Sep,New York,856,801,2,1708.566
9/5/2020,Sep,North Carolina,619,1561,50,1260.1857
9/5/2020,Sep,Pennsylvania,328,963,18,709.6428
9/5/2020,Sep,Texas,1738,4486,177,3377.2218
9/5/2020,Sep,Utah,413,433,1,870.4543
9/5/2020,Sep,Washington,761,479,8,1528.8355
9/6/2020,Sep,Arizona,379,250,14,806.1297
9/6/2020,Sep,California,1894,4905,66,3672.3582
9/6/2020,Sep,Colorado,752,334,0,1511.8084
9/6/2020,Sep,Florida,849,2564,38,1695.3227
9/6/2020,Sep,Georgia,2044,1651,60,3956.1432
9/6/2020,Sep,Illinois,1526,1403,5,2976.139
9/6/2020,Sep,Maryland,227,512,3,518.5609
9/6/2020,Sep,Massachuttces,443,366,9,927.2113
9/6/2020,Sep,Michigan,615,0,0,1252.6181
9/6/2020,Sep,Minniesota,474,707,6,985.8602
9/6/2020,Sep,Nevada,456,508,1,951.806
9/6/2020,Sep,New Jersey,484,311,4,1004.7792
9/6/2020,Sep,New York,935,729,9,1858.0261
9/6/2020,Sep,North Carolina,548,1086,1,1125.8608
9/6/2020,Sep,Pennsylvania,307,691,0,669.9129
9/6/2020,Sep,Texas,1878,2995,64,3642.0878
9/6/2020,Sep,Utah,422,388,2,887.4814
9/6/2020,Sep,Washington,739,501,0,1487.2137
9/7/2020,Sep,Arizona,445,198,0,930.9951
9/7/2020,Sep,California,2027,3091,17,3923.9809
9/7/2020,Sep,Colorado,844,285,0,1685.8632
9/7/2020,Sep,Florida,931,1838,22,1850.4585
9/7/2020,Sep,Georgia,2175,608,7,4203.9821
9/7/2020,Sep,Illinois,1945,1381,8,3768.8451
9/7/2020,Sep,Maryland,240,764,5,543.1556
9/7/2020,Sep,Massachuttces,412,229,8,868.5624
9/7/2020,Sep,Michigan,688,1212,4,1390.7268
9/7/2020,Sep,Minniesota,506,638,3,1046.401
9/7/2020,Sep,Nevada,466,357,4,970.725
9/7/2020,Sep,New Jersey,488,332,2,1012.3468
9/7/2020,Sep,New York,906,520,2,1803.161
9/7/2020,Sep,North Carolina,553,1018,7,1135.3203
9/7/2020,Sep,Pennsylvania,367,547,20,783.4269
9/7/2020,Sep,Texas,2274,2060,20,4391.2802
9/7/2020,Sep,Utah,441,373,1,923.4275
9/7/2020,Sep,Washington,766,399,0,1538.295
9/8/2020,Sep,Arizona,403,81,2,851.5353
9/8/2020,Sep,California,1720,2676,32,3343.1676
9/8/2020,Sep,Colorado,541,213,0,1112.6175
9/8/2020,Sep,Florida,759,1823,44,1525.0517
9/8/2020,Sep,Georgia,1759,1543,26,3416.9517
9/8/2020,Sep,Illinois,1595,1392,7,3106.6801
9/8/2020,Sep,Maryland,222,356,3,509.1014
9/8/2020,Sep,Massachuttces,374,171,8,796.6702
9/8/2020,Sep,Michigan,526,499,1,1084.239
9/8/2020,Sep,Minniesota,432,383,2,906.4004
9/8/2020,Sep,Nevada,350,137,0,751.2646
9/8/2020,Sep,New Jersey,396,277,5,838.292
9/8/2020,Sep,New York,783,557,6,1570.4573
9/8/2020,Sep,North Carolina,465,716,12,968.8331
9/8/2020,Sep,Pennsylvania,328,496,11,709.6428
9/8/2020,Sep,Texas,1934,1421,61,3748.0342
9/8/2020,Sep,Utah,316,326,1,686.94
9/8/2020,Sep,Washington,727,0,0,1464.5109
9/9/2020,Sep,Arizona,459,496,30,957.4817
9/9/2020,Sep,California,1831,1616,83,3553.1685
9/9/2020,Sep,Colorado,756,187,2,1519.376
9/9/2020,Sep,Florida,661,2056,202,1339.6455
9/9/2020,Sep,Georgia,1961,1937,58,3799.1155
9/9/2020,Sep,Illinois,1671,1337,28,3250.4645
9/9/2020,Sep,Maryland,230,336,9,524.2366
9/9/2020,Sep,Massachuttces,386,181,5,819.373
9/9/2020,Sep,Michigan,597,961,76,1218.5639
9/9/2020,Sep,Minniesota,454,260,7,948.0222
9/9/2020,Sep,Nevada,319,154,19,692.6157
9/9/2020,Sep,New Jersey,418,323,8,879.9138
9/9/2020,Sep,New York,787,576,3,1578.0249
9/9/2020,Sep,North Carolina,574,897,49,1175.0502
9/9/2020,Sep,Pennsylvania,302,931,14,660.4534
9/9/2020,Sep,Texas,1901,4000,139,3685.6015
9/9/2020,Sep,Utah,425,314,3,893.1571
9/9/2020,Sep,Washington,741,774,25,1490.9975
9/10/2020,Sep,Arizona,506,461,22,1046.401
9/10/2020,Sep,California,1952,3338,137,3782.0884
9/10/2020,Sep,Colorado,854,246,14,1704.7822
9/10/2020,Sep,Florida,930,2583,213,1848.5666
9/10/2020,Sep,Georgia,2057,1836,76,3980.7379
9/10/2020,Sep,Illinois,1713,1953,28,3329.9243
9/10/2020,Sep,Maryland,250,503,8,562.0746
9/10/2020,Sep,Massachuttces,431,403,20,904.5085
9/10/2020,Sep,Michigan,717,983,7,1445.5919
9/10/2020,Sep,Minniesota,483,381,15,1002.8873
9/10/2020,Sep,Nevada,454,288,17,948.0222
9/10/2020,Sep,New Jersey,538,424,5,1106.9418
9/10/2020,Sep,New York,998,757,7,1977.2158
9/10/2020,Sep,North Carolina,618,1222,32,1258.2938
9/10/2020,Sep,Pennsylvania,337,587,15,726.6699
9/10/2020,Sep,Texas,2255,4018,161,4355.3341
9/10/2020,Sep,Utah,470,346,3,978.2926
9/10/2020,Sep,Washington,703,458,7,1419.1053
9/11/2020,Sep,Arizona,513,521,15,1059.6443
9/11/2020,Sep,California,2021,3326,111,3912.6295
9/11/2020,Sep,Colorado,882,265,7,1757.7554
9/11/2020,Sep,Florida,995,3650,176,1971.5401
9/11/2020,Sep,Georgia,2265,1658,42,4374.2531
9/11/2020,Sep,Illinois,1935,2312,44,3749.9261
9/11/2020,Sep,Maryland,257,646,4,575.3179
9/11/2020,Sep,Massachuttces,463,440,14,965.0493
9/11/2020,Sep,Michigan,665,1405,6,1347.2131
9/11/2020,Sep,Minniesota,498,467,13,1031.2658
9/11/2020,Sep,Nevada,440,260,10,921.5356
9/11/2020,Sep,New Jersey,527,474,9,1086.1309
9/11/2020,Sep,New York,903,880,5,1797.4853
9/11/2020,Sep,North Carolina,617,1532,33,1256.4019
9/11/2020,Sep,Pennsylvania,298,1008,17,652.8858
9/11/2020,Sep,Texas,2301,3547,144,4442.3615
9/11/2020,Sep,Utah,455,656,1,949.9141
9/11/2020,Sep,Washington,738,544,6,1485.3218
9/12/2020,Sep,Arizona,448,605,27,936.6708
9/12/2020,Sep,California,1890,4107,162,3664.7906
9/12/2020,Sep,Colorado,784,307,0,1572.3492
9/12/2020,Sep,Florida,864,3190,98,1723.7012
9/12/2020,Sep,Georgia,2022,2124,41,3914.5214
9/12/2020,Sep,Illinois,1768,2121,22,3433.9788
9/12/2020,Sep,Maryland,224,809,8,512.8852
9/12/2020,Sep,Massachuttces,411,554,16,866.6705
9/12/2020,Sep,Michigan,707,807,11,1426.6729
9/12/2020,Sep,Minniesota,463,872,9,965.0493
9/12/2020,Sep,Nevada,357,414,10,764.5079
9/12/2020,Sep,New Jersey,483,449,4,1002.8873
9/12/2020,Sep,New York,856,849,2,1708.566
9/12/2020,Sep,North Carolina,598,1454,24,1220.4558
9/12/2020,Sep,Pennsylvania,170,920,0,410.7226
9/12/2020,Sep,Texas,2168,4233,146,4190.7388
9/12/2020,Sep,Utah,414,572,2,872.3462
9/12/2020,Sep,Washington,650,465,0,1318.8346
9/13/2020,Sep,Arizona,471,384,7,980.1845
9/13/2020,Sep,California,2015,4625,78,3901.2781
9/13/2020,Sep,Colorado,841,415,0,1680.1875
9/13/2020,Sep,Florida,896,2423,8,1784.242
9/13/2020,Sep,Georgia,2227,1409,46,4302.3609
9/13/2020,Sep,Illinois,1730,1462,14,3362.0866
9/13/2020,Sep,Maryland,238,577,2,539.3718
9/13/2020,Sep,Massachuttces,485,286,14,1006.6711
9/13/2020,Sep,Michigan,647,0,0,1313.1589
9/13/2020,Sep,Minniesota,482,723,13,1000.9954
9/13/2020,Sep,Nevada,438,317,3,917.7518
9/13/2020,Sep,New Jersey,513,297,5,1059.6443
9/13/2020,Sep,New York,953,725,6,1892.0803
9/13/2020,Sep,North Carolina,606,1196,5,1235.591
9/13/2020,Sep,Pennsylvania,276,76,0,611.264
9/13/2020,Sep,Texas,2240,1845,47,4326.9556
9/13/2020,Sep,Utah,423,628,0,889.3733
9/13/2020,Sep,Washington,631,350,0,1282.8885
9/14/2020,Sep,Arizona,486,213,0,1008.563
9/14/2020,Sep,California,1939,2855,56,3757.4937
9/14/2020,Sep,Colorado,834,417,0,1666.9442
9/14/2020,Sep,Florida,891,1736,36,1774.7825
9/14/2020,Sep,Georgia,2143,1023,20,4143.4413
9/14/2020,Sep,Illinois,1730,1373,5,3362.0866
9/14/2020,Sep,Maryland,248,536,1,558.2908
9/14/2020,Sep,Massachuttces,417,254,9,878.0219
9/14/2020,Sep,Michigan,703,1229,10,1419.1053
9/14/2020,Sep,Minniesota,493,638,3,1021.8063
9/14/2020,Sep,Nevada,418,277,4,879.9138
9/14/2020,Sep,New Jersey,493,334,4,1021.8063
9/14/2020,Sep,New York,908,583,4,1806.9448
9/14/2020,Sep,North Carolina,621,845,8,1263.9695
9/14/2020,Sep,Pennsylvania,309,1182,32,673.6967
9/14/2020,Sep,Texas,2178,4011,21,4209.6578
9/14/2020,Sep,Utah,442,563,3,925.3194
9/14/2020,Sep,Washington,654,312,15,1326.4022
9/15/2020,Sep,Arizona,456,484,22,951.806
9/15/2020,Sep,California,1763,2235,66,3424.5193
9/15/2020,Sep,Colorado,723,375,5,1456.9433
9/15/2020,Sep,Florida,653,3116,146,1324.5103
9/15/2020,Sep,Georgia,1947,1496,45,3772.6289
9/15/2020,Sep,Illinois,1682,1466,18,3271.2754
9/15/2020,Sep,Maryland,230,599,10,524.2366
9/15/2020,Sep,Massachuttces,365,313,6,779.6431
9/15/2020,Sep,Michigan,563,682,11,1154.2393
9/15/2020,Sep,Minniesota,452,402,5,944.2384
9/15/2020,Sep,Nevada,317,226,26,688.8319
9/15/2020,Sep,New Jersey,405,436,9,855.3191
9/15/2020,Sep,New York,821,766,11,1642.3495
9/15/2020,Sep,North Carolina,583,1106,51,1192.0773
9/15/2020,Sep,Pennsylvania,198,1151,6,463.6958
9/15/2020,Sep,Texas,1963,5301,132,3802.8993
9/15/2020,Sep,Utah,439,562,0,919.6437
9/15/2020,Sep,Washington,615,327,9,1252.6181
9/16/2020,Sep,Arizona,397,698,27,840.1839
9/16/2020,Sep,California,1498,2950,164,2923.1658
9/16/2020,Sep,Colorado,618,400,11,1258.2938
9/16/2020,Sep,Florida,582,2355,154,1190.1854
9/16/2020,Sep,Georgia,1807,2223,21,3507.7629
9/16/2020,Sep,Illinois,1506,1941,35,2938.301
9/16/2020,Sep,Maryland,214,643,6,493.9662
9/16/2020,Sep,Massachuttces,303,306,20,662.3453
9/16/2020,Sep,Michigan,506,773,11,1046.401
9/16/2020,Sep,Minniesota,417,462,6,878.0219
9/16/2020,Sep,Nevada,259,208,12,579.1017
9/16/2020,Sep,New Jersey,350,388,9,751.2646
9/16/2020,Sep,New York,742,652,5,1492.8894
9/16/2020,Sep,North Carolina,570,1137,38,1167.4826
9/16/2020,Sep,Pennsylvania,340,776,28,732.3456
9/16/2020,Sep,Texas,1873,6026,135,3632.6283
9/16/2020,Sep,Utah,334,747,1,720.9942
9/16/2020,Sep,Washington,662,347,5,1341.5374
9/17/2020,Sep,Arizona,441,1753,38,923.4275
9/17/2020,Sep,California,1782,3238,106,3460.4654
9/17/2020,Sep,Colorado,686,587,0,1386.943
9/17/2020,Sep,Florida,762,3255,147,1530.7274
9/17/2020,Sep,Georgia,1911,1847,55,3704.5205
9/17/2020,Sep,Illinois,1436,2056,25,2805.868
9/17/2020,Sep,Maryland,184,631,6,437.2092
9/17/2020,Sep,Massachuttces,354,429,15,758.8322
9/17/2020,Sep,Michigan,547,980,12,1123.9689
9/17/2020,Sep,Minniesota,412,909,9,868.5624
9/17/2020,Sep,Nevada,408,347,12,860.9948
9/17/2020,Sep,New Jersey,440,569,3,921.5356
9/17/2020,Sep,New York,859,896,3,1714.2417
9/17/2020,Sep,North Carolina,482,1552,31,1000.9954
9/17/2020,Sep,Pennsylvania,284,933,10,626.3992
9/17/2020,Sep,Texas,1906,4047,112,3695.061
9/17/2020,Sep,Utah,310,911,0,675.5886
9/17/2020,Sep,Washington,654,386,11,1326.4022
9/18/2020,Sep,Arizona,477,1282,42,991.5359
9/18/2020,Sep,California,1874,3630,91,3634.5202
9/18/2020,Sep,Colorado,730,459,6,1470.1866
9/18/2020,Sep,Florida,752,3204,140,1511.8084
9/18/2020,Sep,Georgia,2248,1834,63,4342.0908
9/18/2020,Sep,Illinois,1784,2223,23,3464.2492
9/18/2020,Sep,Maryland,193,543,8,454.2363
9/18/2020,Sep,Massachuttces,433,454,9,908.2923
9/18/2020,Sep,Michigan,576,778,0,1178.834
9/18/2020,Sep,Minniesota,417,1085,8,878.0219
9/18/2020,Sep,Nevada,434,501,18,910.1842
9/18/2020,Sep,New Jersey,445,487,4,930.9951
9/18/2020,Sep,New York,806,790,10,1613.971
9/18/2020,Sep,North Carolina,498,1443,27,1031.2658
9/18/2020,Sep,Pennsylvania,303,760,21,662.3453
9/18/2020,Sep,Texas,1947,3422,123,3772.6289
9/18/2020,Sep,Utah,369,1117,0,787.2107
9/18/2020,Sep,Washington,684,404,6,1383.1592
9/19/2020,Sep,Arizona,447,609,16,934.7789
9/19/2020,Sep,California,1854,4304,100,3596.6822
9/19/2020,Sep,Colorado,762,605,2,1530.7274
9/19/2020,Sep,Florida,829,3573,63,1657.4847
9/19/2020,Sep,Georgia,2010,2284,62,3891.8186
9/19/2020,Sep,Illinois,1791,2529,25,3477.4925
9/19/2020,Sep,Maryland,219,682,7,503.4257
9/19/2020,Sep,Massachuttces,385,599,26,817.4811
9/19/2020,Sep,Michigan,606,587,15,1235.591
9/19/2020,Sep,Minniesota,442,914,13,925.3194
9/19/2020,Sep,Nevada,355,323,4,760.7241
9/19/2020,Sep,New Jersey,511,461,3,1055.8605
9/19/2020,Sep,New York,821,986,2,1642.3495
9/19/2020,Sep,North Carolina,603,1229,28,1229.9153
9/19/2020,Sep,Pennsylvania,170,1162,22,410.7226
9/19/2020,Sep,Texas,2165,3827,135,4185.0631
9/19/2020,Sep,Utah,400,1077,3,845.8596
9/19/2020,Sep,Washington,725,0,0,1460.7271
9/20/2020,Sep,Arizona,477,467,9,991.5359
9/20/2020,Sep,California,1980,4265,75,3835.0616
9/20/2020,Sep,Colorado,828,606,0,1655.5928
9/20/2020,Sep,Florida,980,2521,9,1943.1616
9/20/2020,Sep,Georgia,2308,1134,3,4455.6048
9/20/2020,Sep,Illinois,1875,1402,14,3636.4121
9/20/2020,Sep,Maryland,243,412,3,548.8313
9/20/2020,Sep,Massachuttces,443,359,15,927.2113
9/20/2020,Sep,Michigan,659,0,0,1335.8617
9/20/2020,Sep,Minniesota,483,1296,2,1002.8873
9/20/2020,Sep,Nevada,451,385,3,942.3465
9/20/2020,Sep,New Jersey,529,453,3,1089.9147
9/20/2020,Sep,New York,999,862,2,1979.1077
9/20/2020,Sep,North Carolina,617,1333,8,1256.4019
9/20/2020,Sep,Pennsylvania,306,733,25,668.021
9/20/2020,Sep,Texas,2234,2466,45,4315.6042
9/20/2020,Sep,Utah,422,920,0,887.4814
9/20/2020,Sep,Washington,680,597,0,1375.5916
9/21/2020,Sep,Arizona,489,233,2,1014.2387
9/21/2020,Sep,California,1847,3294,31,3583.4389
9/21/2020,Sep,Colorado,856,501,0,1708.566
9/21/2020,Sep,Florida,873,1685,21,1740.7283
9/21/2020,Sep,Georgia,2093,1184,2,4048.8463
9/21/2020,Sep,Illinois,1639,1477,7,3189.9237
9/21/2020,Sep,Maryland,252,412,4,565.8584
9/21/2020,Sep,Massachuttces,398,256,7,842.0758
9/21/2020,Sep,Michigan,706,1575,12,1424.781
9/21/2020,Sep,Minniesota,478,925,4,993.4278
9/21/2020,Sep,Nevada,423,232,0,889.3733
9/21/2020,Sep,New Jersey,520,392,2,1072.8876
9/21/2020,Sep,New York,888,573,1,1769.1068
9/21/2020,Sep,North Carolina,626,800,4,1273.429
9/21/2020,Sep,Pennsylvania,396,234,23,838.292
9/21/2020,Sep,Texas,2181,9853,24,4215.3335
9/21/2020,Sep,Utah,434,622,1,910.1842
9/21/2020,Sep,Washington,718,349,0,1447.4838
9/22/2020,Sep,Arizona,101,595,20,280.1815
9/22/2020,Sep,California,593,2630,53,1210.9963
9/22/2020,Sep,Colorado,238,542,1,539.3718
9/22/2020,Sep,Florida,202,2470,99,471.2634
9/22/2020,Sep,Georgia,606,882,73,1235.591
9/22/2020,Sep,Illinois,611,1531,29,1245.0505
9/22/2020,Sep,Maryland,63,344,12,208.2893
9/22/2020,Sep,Massachuttces,100,173,11,278.2896
9/22/2020,Sep,Michigan,160,695,16,391.8036
9/22/2020,Sep,Minniesota,122,480,10,319.9114
9/22/2020,Sep,Nevada,54,262,15,191.2622
9/22/2020,Sep,New Jersey,147,426,7,367.2089
9/22/2020,Sep,New York,343,754,4,738.0213
9/22/2020,Sep,North Carolina,190,1168,39,448.5606
9/22/2020,Sep,Pennsylvania,52,834,19,187.4784
9/22/2020,Sep,Texas,652,17820,77,1322.6184
9/22/2020,Sep,Utah,92,650,2,263.1544
9/22/2020,Sep,Washington,320,645,33,694.5076
9/23/2020,Sep,Arizona,258,438,27,577.2098
9/23/2020,Sep,California,1276,3146,133,2503.164
9/23/2020,Sep,Colorado,778,654,12,1560.9978
9/23/2020,Sep,Florida,455,2590,203,949.9141
9/23/2020,Sep,Georgia,626,1457,96,1273.429
9/23/2020,Sep,Illinois,1107,1848,22,2183.4329
9/23/2020,Sep,Maryland,202,385,7,471.2634
9/23/2020,Sep,Massachuttces,337,543,19,726.6699
9/23/2020,Sep,Michigan,495,902,16,1025.5901
9/23/2020,Sep,Minniesota,193,678,6,454.2363
9/23/2020,Sep,Nevada,208,509,10,482.6148
9/23/2020,Sep,New Jersey,192,408,8,452.3444
9/23/2020,Sep,New York,432,665,5,906.4004
9/23/2020,Sep,North Carolina,227,952,30,518.5609
9/23/2020,Sep,Pennsylvania,140,898,39,353.9656
9/23/2020,Sep,Texas,1041,3392,135,2058.5675
9/23/2020,Sep,Utah,228,877,1,520.4528
9/23/2020,Sep,Washington,704,0,0,1420.9972
9/24/2020,Sep,Arizona,505,568,34,1044.5091
9/24/2020,Sep,California,1904,3170,110,3691.2772
9/24/2020,Sep,Colorado,875,616,0,1744.5121
9/24/2020,Sep,Florida,1015,2541,179,2009.3781
9/24/2020,Sep,Georgia,2023,1368,49,3916.4133
9/24/2020,Sep,Illinois,1782,2257,30,3460.4654
9/24/2020,Sep,Maryland,254,503,7,569.6422
9/24/2020,Sep,Massachuttces,445,481,15,930.9951
9/24/2020,Sep,Michigan,703,1078,6,1419.1053
9/24/2020,Sep,Minniesota,491,912,3,1018.0225
9/24/2020,Sep,Nevada,446,390,8,932.887
9/24/2020,Sep,New Jersey,552,564,9,1133.4284
9/24/2020,Sep,New York,970,955,2,1924.2426
9/24/2020,Sep,North Carolina,622,1688,40,1265.8614
9/24/2020,Sep,Pennsylvania,343,853,17,738.0213
9/24/2020,Sep,Texas,2319,4320,138,4476.4157
9/24/2020,Sep,Utah,451,1198,0,942.3465
9/24/2020,Sep,Washington,715,509,11,1441.8081
9/25/2020,Sep,Arizona,505,515,28,1044.5091
9/25/2020,Sep,California,1929,3400,84,3738.5747
9/25/2020,Sep,Colorado,878,548,9,1750.1878
9/25/2020,Sep,Florida,1017,2847,122,2013.1619
9/25/2020,Sep,Georgia,2349,1468,52,4533.1727
9/25/2020,Sep,Illinois,1972,2805,33,3819.9264
9/25/2020,Sep,Maryland,247,559,8,556.3989
9/25/2020,Sep,Massachuttces,455,488,11,949.9141
9/25/2020,Sep,Michigan,666,1040,8,1349.105
9/25/2020,Sep,Minniesota,490,1177,6,1016.1306
9/25/2020,Sep,Nevada,452,556,9,944.2384
9/25/2020,Sep,New Jersey,538,548,6,1106.9418
9/25/2020,Sep,New York,925,908,7,1839.1071
9/25/2020,Sep,North Carolina,625,6142,53,1271.5371
9/25/2020,Sep,Pennsylvania,376,806,2,800.454
9/25/2020,Sep,Texas,2281,4633,97,4404.5235
9/25/2020,Sep,Utah,453,1411,4,946.1303
9/25/2020,Sep,Washington,728,536,0,1466.4028
9/26/2020,Sep,Arizona,450,459,35,940.4546
9/26/2020,Sep,California,1803,4197,134,3500.1953
9/26/2020,Sep,Colorado,780,709,5,1564.7816
9/26/2020,Sep,Florida,845,2795,107,1687.7551
9/26/2020,Sep,Georgia,2020,1359,40,3910.7376
9/26/2020,Sep,Illinois,1829,2441,25,3549.3847
9/26/2020,Sep,Maryland,228,613,8,520.4528
9/26/2020,Sep,Massachuttces,397,569,18,840.1839
9/26/2020,Sep,Michigan,713,996,17,1438.0243
9/26/2020,Sep,Minniesota,453,1470,10,946.1303
9/26/2020,Sep,Nevada,350,602,9,751.2646
9/26/2020,Sep,New Jersey,502,750,6,1038.8334
9/26/2020,Sep,New York,885,1005,4,1763.4311
9/26/2020,Sep,North Carolina,603,1759,31,1229.9153
9/26/2020,Sep,Pennsylvania,180,1029,22,429.6416
9/26/2020,Sep,Texas,2191,4886,121,4234.2525
9/26/2020,Sep,Utah,427,1017,0,896.9409
9/26/2020,Sep,Washington,685,988,20,1385.0511
9/27/2020,Sep,Arizona,423,411,1,889.3733
9/27/2020,Sep,California,1720,4071,55,3343.1676
9/27/2020,Sep,Colorado,749,584,0,1506.1327
9/27/2020,Sep,Florida,893,1882,12,1778.5663
9/27/2020,Sep,Georgia,2019,812,32,3908.8457
9/27/2020,Sep,Illinois,1522,1604,13,2968.5714
9/27/2020,Sep,Maryland,205,431,10,476.9391
9/27/2020,Sep,Massachuttces,405,592,13,855.3191
9/27/2020,Sep,Michigan,586,0,0,1197.753
9/27/2020,Sep,Minniesota,461,1075,4,961.2655
9/27/2020,Sep,Nevada,365,373,3,779.6431
9/27/2020,Sep,New Jersey,443,698,6,927.2113
9/27/2020,Sep,New York,791,866,6,1585.5925
9/27/2020,Sep,North Carolina,546,1290,1,1122.077
9/27/2020,Sep,Pennsylvania,289,918,3,635.8587
9/27/2020,Sep,Texas,1796,1694,37,3486.952
9/27/2020,Sep,Utah,372,1068,5,792.8864
9/27/2020,Sep,Washington,585,604,0,1195.8611
9/28/2020,Sep,Arizona,169,273,0,408.8307
9/28/2020,Sep,California,611,2955,21,1245.0505
9/28/2020,Sep,Colorado,363,569,0,775.8593
9/28/2020,Sep,Florida,352,738,5,755.0484
9/28/2020,Sep,Georgia,947,596,15,1880.7289
9/28/2020,Sep,Illinois,849,1709,13,1695.3227
9/28/2020,Sep,Maryland,99,477,3,276.3977
9/28/2020,Sep,Massachuttces,143,430,11,359.6413
9/28/2020,Sep,Michigan,286,1329,7,630.183
9/28/2020,Sep,Minniesota,183,904,7,435.3173
9/28/2020,Sep,Nevada,91,463,0,261.2625
9/28/2020,Sep,New Jersey,221,559,0,507.2095
9/28/2020,Sep,New York,377,834,12,802.3459
9/28/2020,Sep,North Carolina,308,868,4,671.8048
9/28/2020,Sep,Pennsylvania,129,676,1,333.1547
9/28/2020,Sep,Texas,915,4611,11,1820.1881
9/28/2020,Sep,Utah,161,827,0,393.6955
9/28/2020,Sep,Washington,295,439,0,647.2101
9/29/2020,Sep,Arizona,459,674,9,957.4817
9/29/2020,Sep,California,1694,2162,32,3293.9782
9/29/2020,Sep,Colorado,747,411,5,1502.3489
9/29/2020,Sep,Florida,652,3266,106,1322.6184
9/29/2020,Sep,Georgia,1987,1025,33,3848.3049
9/29/2020,Sep,Illinois,1695,1362,23,3295.8701
9/29/2020,Sep,Maryland,214,431,8,493.9662
9/29/2020,Sep,Massachuttces,364,512,8,777.7512
9/29/2020,Sep,Michigan,567,1118,21,1161.8069
9/29/2020,Sep,Minniesota,447,809,5,934.7789
9/29/2020,Sep,Nevada,315,404,8,685.0481
9/29/2020,Sep,New Jersey,405,456,10,855.3191
9/29/2020,Sep,New York,790,1189,2,1583.7006
9/29/2020,Sep,North Carolina,548,889,49,1125.8608
9/29/2020,Sep,Pennsylvania,196,988,16,459.912
9/29/2020,Sep,Texas,2008,3541,71,3888.0348
9/29/2020,Sep,Utah,424,694,4,891.2652
9/29/2020,Sep,Washington,681,369,0,1377.4835
9/30/2020,Sep,Arizona,467,323,18,972.6169
9/30/2020,Sep,California,1729,3200,152,3360.1947
9/30/2020,Sep,Colorado,775,535,7,1555.3221
9/30/2020,Sep,Florida,700,1948,175,1413.4296
9/30/2020,Sep,Georgia,1965,1720,27,3806.6831
9/30/2020,Sep,Illinois,1647,2273,35,3205.0589
9/30/2020,Sep,Maryland,235,414,3,533.6961
9/30/2020,Sep,Massachuttces,367,532,33,783.4269
9/30/2020,Sep,Michigan,601,1194,11,1226.1315
9/30/2020,Sep,Minniesota,442,687,17,925.3194
9/30/2020,Sep,Nevada,321,385,7,696.3995
9/30/2020,Sep,New Jersey,434,712,9,910.1842
9/30/2020,Sep,New York,808,1000,9,1617.7548
9/30/2020,Sep,North Carolina,602,1495,38,1228.0234
9/30/2020,Sep,Pennsylvania,379,1153,19,806.1297
9/30/2020,Sep,Texas,2146,5683,107,4149.117
9/30/2020,Sep,Utah,435,906,2,912.0761
9/30/2020,Sep,Washington,709,404,24,1430.4567
10/1/2020,Oct,Arizona,513,705,24,1059.6443
10/1/2020,Oct,California,1847,3062,96,3583.4389
10/1/2020,Oct,Colorado,917,511,8,1823.9719
10/1/2020,Oct,Florida,1021,2628,131,2020.7295
10/1/2020,Oct,Georgia,2247,1308,42,4340.1989
10/1/2020,Oct,Illinois,1797,2166,24,3488.8439
10/1/2020,Oct,Maryland,255,785,0,571.5341
10/1/2020,Oct,Massachuttces,524,754,24,1080.4552
10/1/2020,Oct,Michigan,732,998,19,1473.9704
10/1/2020,Oct,Minniesota,515,1066,13,1063.4281
10/1/2020,Oct,Nevada,482,430,3,1000.9954
10/1/2020,Oct,New Jersey,566,614,5,1159.915
10/1/2020,Oct,New York,1047,1382,11,2069.9189
10/1/2020,Oct,North Carolina,618,2277,47,1258.2938
10/1/2020,Oct,Pennsylvania,344,1156,18,739.9132
10/1/2020,Oct,Texas,2238,3534,112,4323.1718
10/1/2020,Oct,Utah,469,1008,0,976.4007
10/1/2020,Oct,Washington,708,480,2,1428.5648
10/2/2020,Oct,Arizona,533,551,19,1097.4823
10/2/2020,Oct,California,1976,3590,98,3827.494
10/2/2020,Oct,Colorado,975,682,2,1933.7021
10/2/2020,Oct,Florida,1036,2660,111,2049.108
10/2/2020,Oct,Georgia,2310,1300,43,4459.3886
10/2/2020,Oct,Illinois,2099,2456,52,4060.1977
10/2/2020,Oct,Maryland,260,712,1,580.9936
10/2/2020,Oct,Massachuttces,527,761,10,1086.1309
10/2/2020,Oct,Michigan,686,984,8,1386.943
10/2/2020,Oct,Minniesota,520,1166,10,1072.8876
10/2/2020,Oct,Nevada,501,772,6,1036.9415
10/2/2020,Oct,New Jersey,605,740,4,1233.6991
10/2/2020,Oct,New York,1043,1598,7,2062.3513
10/2/2020,Oct,North Carolina,642,1775,29,1303.6994
10/2/2020,Oct,Pennsylvania,408,1161,19,860.9948
10/2/2020,Oct,Texas,2301,3503,72,4442.3615
10/2/2020,Oct,Utah,473,1107,15,983.9683
10/2/2020,Oct,Washington,773,594,6,1551.5383
10/3/2020,Oct,Arizona,455,636,12,949.9141
10/3/2020,Oct,California,1825,2159,88,3541.8171
10/3/2020,Oct,Colorado,844,680,6,1685.8632
10/3/2020,Oct,Florida,975,2787,73,1933.7021
10/3/2020,Oct,Georgia,2211,1444,28,4272.0905
10/3/2020,Oct,Illinois,1785,2442,31,3466.1411
10/3/2020,Oct,Maryland,226,597,7,516.669
10/3/2020,Oct,Massachuttces,423,672,17,889.3733
10/3/2020,Oct,Michigan,715,1275,14,1441.8081
10/3/2020,Oct,Minniesota,476,1421,14,989.644
10/3/2020,Oct,Nevada,396,526,11,838.292
10/3/2020,Oct,New Jersey,512,947,4,1057.7524
10/3/2020,Oct,New York,953,1731,8,1892.0803
10/3/2020,Oct,North Carolina,609,2202,21,1241.2667
10/3/2020,Oct,Pennsylvania,177,0,20,423.9659
10/3/2020,Oct,Texas,2186,7006,97,4224.793
10/3/2020,Oct,Utah,432,1068,2,906.4004
10/3/2020,Oct,Washington,744,694,11,1496.6732
10/4/2020,Oct,Arizona,497,355,1,1029.3739
10/4/2020,Oct,California,2033,4293,46,3935.3323
10/4/2020,Oct,Colorado,943,657,0,1873.1613
10/4/2020,Oct,Florida,1024,1868,42,2026.4052
10/4/2020,Oct,Georgia,2418,847,28,4663.7138
10/4/2020,Oct,Illinois,2050,1453,17,3967.4946
10/4/2020,Oct,Maryland,233,471,1,529.9123
10/4/2020,Oct,Massachuttces,526,644,3,1084.239
10/4/2020,Oct,Michigan,693,0,0,1400.1863
10/4/2020,Oct,Minniesota,520,1039,7,1072.8876
10/4/2020,Oct,Nevada,505,392,3,1044.5091
10/4/2020,Oct,New Jersey,614,626,1,1250.7262
10/4/2020,Oct,New York,1044,1222,14,2064.2432
10/4/2020,Oct,North Carolina,632,610,5,1284.7804
10/4/2020,Oct,Pennsylvania,297,2251,17,650.9939
10/4/2020,Oct,Texas,2296,2884,33,4432.902
10/4/2020,Oct,Utah,446,1393,2,932.887
10/4/2020,Oct,Washington,731,609,0,1472.0785
10/5/2020,Oct,Arizona,510,316,1,1053.9686
10/5/2020,Oct,California,1819,3055,29,3530.4657
10/5/2020,Oct,Colorado,903,521,0,1797.4853
10/5/2020,Oct,Florida,999,1415,41,1979.1077
10/5/2020,Oct,Georgia,2253,789,30,4351.5503
10/5/2020,Oct,Illinois,1841,1853,14,3572.0875
10/5/2020,Oct,Maryland,239,501,3,541.2637
10/5/2020,Oct,Massachuttces,473,515,20,983.9683
10/5/2020,Oct,Michigan,686,1455,15,1386.943
10/5/2020,Oct,Minniesota,503,973,3,1040.7253
10/5/2020,Oct,Nevada,481,337,0,999.1035
10/5/2020,Oct,New Jersey,574,511,2,1175.0502
10/5/2020,Oct,New York,988,933,8,1958.2968
10/5/2020,Oct,North Carolina,631,2258,3,1282.8885
10/5/2020,Oct,Pennsylvania,414,672,11,872.3462
10/5/2020,Oct,Texas,2292,3409,8,4425.3344
10/5/2020,Oct,Utah,456,1105,4,951.806
10/5/2020,Oct,Washington,713,455,0,1438.0243
10/6/2020,Oct,Arizona,476,864,6,989.644
10/6/2020,Oct,California,1716,1677,28,3335.6
10/6/2020,Oct,Colorado,778,461,0,1560.9978
10/6/2020,Oct,Florida,702,2251,59,1417.2134
10/6/2020,Oct,Georgia,2122,936,37,4103.7114
10/6/2020,Oct,Illinois,1451,1617,31,2834.2465
10/6/2020,Oct,Maryland,223,413,6,510.9933
10/6/2020,Oct,Massachuttces,390,495,8,826.9406
10/6/2020,Oct,Michigan,604,1152,22,1231.8072
10/6/2020,Oct,Minniesota,467,941,4,972.6169
10/6/2020,Oct,Nevada,329,479,6,711.5347
10/6/2020,Oct,New Jersey,489,629,9,1014.2387
10/6/2020,Oct,New York,807,1393,9,1615.8629
10/6/2020,Oct,North Carolina,597,1504,33,1218.5639
10/6/2020,Oct,Pennsylvania,202,1036,17,471.2634
10/6/2020,Oct,Texas,1965,4132,78,3806.6831
10/6/2020,Oct,Utah,440,716,6,921.5356
10/6/2020,Oct,Washington,667,402,16,1350.9969
10/7/2020,Oct,Arizona,491,604,20,1018.0225
10/7/2020,Oct,California,1798,2764,51,3490.7358
10/7/2020,Oct,Colorado,880,654,15,1753.9716
10/7/2020,Oct,Florida,795,2582,139,1593.1601
10/7/2020,Oct,Georgia,2047,1492,30,3961.8189
10/7/2020,Oct,Illinois,1191,2630,42,2342.3525
10/7/2020,Oct,Maryland,226,460,6,516.669
10/7/2020,Oct,Massachuttces,379,535,19,806.1297
10/7/2020,Oct,Michigan,559,1214,8,1146.6717
10/7/2020,Oct,Minniesota,454,911,14,948.0222
10/7/2020,Oct,Nevada,365,431,7,779.6431
10/7/2020,Oct,New Jersey,491,508,5,1018.0225
10/7/2020,Oct,New York,848,1360,9,1693.4308
10/7/2020,Oct,North Carolina,538,1711,23,1106.9418
10/7/2020,Oct,Pennsylvania,379,1309,28,806.1297
10/7/2020,Oct,Texas,2207,4121,119,4264.5229
10/7/2020,Oct,Utah,432,1007,8,906.4004
10/7/2020,Oct,Washington,702,387,7,1417.2134
10/8/2020,Oct,Arizona,549,863,10,1127.7527
10/8/2020,Oct,California,1917,3575,133,3715.8719
10/8/2020,Oct,Colorado,995,731,7,1971.5401
10/8/2020,Oct,Florida,1136,3306,170,2238.298
10/8/2020,Oct,Georgia,2326,1265,35,4489.659
10/8/2020,Oct,Illinois,1741,3059,32,3382.8975
10/8/2020,Oct,Maryland,269,761,6,598.0207
10/8/2020,Oct,Massachuttces,524,444,8,1080.4552
10/8/2020,Oct,Michigan,757,1401,24,1521.2679
10/8/2020,Oct,Minniesota,518,1271,6,1069.1038
10/8/2020,Oct,Nevada,518,480,13,1069.1038
10/8/2020,Oct,New Jersey,628,1298,8,1277.2128
10/8/2020,Oct,New York,1028,1836,10,2033.9728
10/8/2020,Oct,North Carolina,650,2428,29,1318.8346
10/8/2020,Oct,Pennsylvania,368,1376,27,785.3188
10/8/2020,Oct,Texas,2370,4238,104,4572.9026
10/8/2020,Oct,Utah,480,1501,5,997.2116
10/8/2020,Oct,Washington,710,545,12,1432.3486
10/9/2020,Oct,Arizona,549,683,3,1127.7527
10/9/2020,Oct,California,2031,3806,67,3931.5485
10/9/2020,Oct,Colorado,998,863,7,1977.2158
10/9/2020,Oct,Florida,1157,2908,118,2278.0279
10/9/2020,Oct,Georgia,2430,1625,54,4686.4166
10/9/2020,Oct,Illinois,2002,3117,32,3876.6834
10/9/2020,Oct,Maryland,267,734,11,594.2369
10/9/2020,Oct,Massachuttces,547,765,12,1123.9689
10/9/2020,Oct,Michigan,715,1323,7,1441.8081
10/9/2020,Oct,Minniesota,516,1390,14,1065.32
10/9/2020,Oct,Nevada,529,766,8,1089.9147
10/9/2020,Oct,New Jersey,628,865,4,1277.2128
10/9/2020,Oct,New York,1012,1592,6,2003.7024
10/9/2020,Oct,North Carolina,655,2034,25,1328.2941
10/9/2020,Oct,Pennsylvania,413,1380,9,870.4543
10/9/2020,Oct,Texas,2423,4036,98,4673.1733
10/9/2020,Oct,Utah,478,1343,4,993.4278
10/9/2020,Oct,Washington,748,710,6,1504.2408
10/10/2020,Oct,Arizona,486,894,13,1008.563
10/10/2020,Oct,California,1832,4170,72,3555.0604
10/10/2020,Oct,Colorado,870,834,1,1735.0526
10/10/2020,Oct,Florida,1079,0,0,2130.4597
10/10/2020,Oct,Georgia,2145,1237,45,4147.2251
10/10/2020,Oct,Illinois,1538,2905,30,2998.8418
10/10/2020,Oct,Maryland,231,636,5,526.1285
10/10/2020,Oct,Massachuttces,436,639,10,913.968
10/10/2020,Oct,Michigan,705,1648,19,1422.8891
10/10/2020,Oct,Minniesota,467,1516,10,972.6169
10/10/2020,Oct,Nevada,404,806,2,853.4272
10/10/2020,Oct,New Jersey,529,864,7,1089.9147
10/10/2020,Oct,New York,917,1447,8,1823.9719
10/10/2020,Oct,North Carolina,625,2321,18,1271.5371
10/10/2020,Oct,Pennsylvania,194,1742,36,456.1282
10/10/2020,Oct,Texas,2207,4230,94,4264.5229
10/10/2020,Oct,Utah,433,1354,5,908.2923
10/10/2020,Oct,Washington,678,642,7,1371.8078
10/11/2020,Oct,Arizona,529,597,0,1089.9147
10/11/2020,Oct,California,2074,3803,64,4012.9002
10/11/2020,Oct,Colorado,938,1023,0,1863.7018
10/11/2020,Oct,Florida,1142,5570,180,2249.6494
10/11/2020,Oct,Georgia,2409,1140,23,4646.6867
10/11/2020,Oct,Illinois,2033,2727,9,3935.3323
10/11/2020,Oct,Maryland,253,562,4,567.7503
10/11/2020,Oct,Massachuttces,476,563,17,989.644
10/11/2020,Oct,Michigan,671,0,0,1358.5645
10/11/2020,Oct,Minniesota,506,1440,10,1046.401
10/11/2020,Oct,Nevada,540,380,2,1110.7256
10/11/2020,Oct,New Jersey,613,751,3,1248.8343
10/11/2020,Oct,New York,1067,1143,5,2107.7569
10/11/2020,Oct,North Carolina,634,1719,5,1288.5642
10/11/2020,Oct,Pennsylvania,330,1166,6,713.4266
10/11/2020,Oct,Texas,2476,2418,31,4773.444
10/11/2020,Oct,Utah,450,1200,7,940.4546
10/11/2020,Oct,Washington,703,475,0,1419.1053
10/12/2020,Oct,Arizona,549,475,0,1127.7527
10/12/2020,Oct,California,1971,3449,8,3818.0345
10/12/2020,Oct,Colorado,925,819,0,1839.1071
10/12/2020,Oct,Florida,1091,1533,47,2153.1625
10/12/2020,Oct,Georgia,2237,902,13,4321.2799
10/12/2020,Oct,Illinois,1816,2742,13,3524.79
10/12/2020,Oct,Maryland,255,504,4,571.5341
10/12/2020,Oct,Massachuttces,475,760,13,987.7521
10/12/2020,Oct,Michigan,702,1932,6,1417.2134
10/12/2020,Oct,Minniesota,507,1171,3,1048.2929
10/12/2020,Oct,Nevada,480,569,3,997.2116
10/12/2020,Oct,New Jersey,569,469,1,1165.5907
10/12/2020,Oct,New York,978,1029,13,1939.3778
10/12/2020,Oct,North Carolina,652,1276,3,1322.6184
10/12/2020,Oct,Pennsylvania,395,1088,18,836.4001
10/12/2020,Oct,Texas,2477,2648,1,4775.3359
10/12/2020,Oct,Utah,466,988,5,970.725
10/12/2020,Oct,Washington,711,0,0,1434.2405
10/13/2020,Oct,Arizona,494,684,8,1023.6982
10/13/2020,Oct,California,1754,2378,9,3407.4922
10/13/2020,Oct,Colorado,798,576,0,1598.8358
10/13/2020,Oct,Florida,781,2725,123,1566.6735
10/13/2020,Oct,Georgia,2000,993,25,3872.8996
10/13/2020,Oct,Illinois,1518,2851,29,2961.0038
10/13/2020,Oct,Maryland,233,482,9,529.9123
10/13/2020,Oct,Massachuttces,398,749,13,842.0758
10/13/2020,Oct,Michigan,620,1466,30,1262.0776
10/13/2020,Oct,Minniesota,461,1135,7,961.2655
10/13/2020,Oct,Nevada,345,487,10,741.8051
10/13/2020,Oct,New Jersey,484,988,7,1004.7792
10/13/2020,Oct,New York,832,1393,11,1663.1604
10/13/2020,Oct,North Carolina,544,1734,43,1118.2932
10/13/2020,Oct,Pennsylvania,230,1342,16,524.2366
10/13/2020,Oct,Texas,2196,5289,64,4243.712
10/13/2020,Oct,Utah,443,987,0,927.2113
10/13/2020,Oct,Washington,672,1740,21,1360.4564
10/14/2020,Oct,Arizona,492,901,5,1019.9144
10/14/2020,Oct,California,1847,2666,58,3583.4389
10/14/2020,Oct,Colorado,891,1048,11,1774.7825
10/14/2020,Oct,Florida,856,2883,66,1708.566
10/14/2020,Oct,Georgia,2036,1297,16,3941.008
10/14/2020,Oct,Illinois,1143,2862,48,2251.5413
10/14/2020,Oct,Maryland,238,575,10,539.3718
10/14/2020,Oct,Massachuttces,385,580,17,817.4811
10/14/2020,Oct,Michigan,609,1593,13,1241.2667
10/14/2020,Oct,Minniesota,472,1369,0,982.0764
10/14/2020,Oct,Nevada,371,479,17,790.9945
10/14/2020,Oct,New Jersey,488,938,9,1012.3468
10/14/2020,Oct,New York,869,1232,7,1733.1607
10/14/2020,Oct,North Carolina,541,1926,40,1112.6175
10/14/2020,Oct,Pennsylvania,380,1276,27,808.0216
10/14/2020,Oct,Texas,2273,4667,95,4389.3883
10/14/2020,Oct,Utah,404,1144,5,853.4272
10/14/2020,Oct,Washington,689,0,0,1392.6187
10/15/2020,Oct,Arizona,543,1113,17,1116.4013
10/15/2020,Oct,California,1923,3329,118,3727.2233
10/15/2020,Oct,Colorado,961,692,16,1907.2155
10/15/2020,Oct,Florida,1162,3356,144,2287.4874
10/15/2020,Oct,Georgia,2291,1640,22,4423.4425
10/15/2020,Oct,Illinois,1733,4015,53,3367.7623
10/15/2020,Oct,Maryland,270,630,6,599.9126
10/15/2020,Oct,Massachuttces,518,587,25,1069.1038
10/15/2020,Oct,Michigan,759,2458,34,1525.0517
10/15/2020,Oct,Minniesota,517,1163,19,1067.2119
10/15/2020,Oct,Nevada,511,655,7,1055.8605
10/15/2020,Oct,New Jersey,613,971,6,1248.8343
10/15/2020,Oct,New York,1036,1460,13,2049.108
10/15/2020,Oct,North Carolina,640,2532,18,1299.9156
10/15/2020,Oct,Pennsylvania,370,1598,21,789.1026
10/15/2020,Oct,Texas,2423,4726,95,4673.1733
10/15/2020,Oct,Utah,482,1498,2,1000.9954
10/15/2020,Oct,Washington,717,734,10,1445.5919
10/16/2020,Oct,Arizona,569,738,17,1165.5907
10/16/2020,Oct,California,1996,3075,73,3865.332
10/16/2020,Oct,Colorado,983,1141,4,1948.8373
10/16/2020,Oct,Florida,1130,3449,98,2226.9466
10/16/2020,Oct,Georgia,2363,1609,64,4559.6593
10/16/2020,Oct,Illinois,1932,5103,52,3744.2504
10/16/2020,Oct,Maryland,265,781,4,590.4531
10/16/2020,Oct,Massachuttces,515,767,30,1063.4281
10/16/2020,Oct,Michigan,685,2206,15,1385.0511
10/16/2020,Oct,Minniesota,522,2290,13,1076.6714
10/16/2020,Oct,Nevada,525,716,9,1082.3471
10/16/2020,Oct,New Jersey,615,810,5,1252.6181
10/16/2020,Oct,New York,965,1707,10,1914.7831
10/16/2020,Oct,North Carolina,657,2684,36,1332.0779
10/16/2020,Oct,Pennsylvania,411,1566,25,866.6705
10/16/2020,Oct,Texas,2422,5870,91,4671.2814
10/16/2020,Oct,Utah,465,1496,8,968.8331
10/16/2020,Oct,Washington,741,676,11,1490.9975
10/17/2020,Oct,Arizona,83,921,18,246.1273
10/17/2020,Oct,California,116,2979,69,308.56
10/17/2020,Oct,Colorado,143,1312,13,359.6413
10/17/2020,Oct,Florida,66,4044,88,213.965
10/17/2020,Oct,Georgia,63,1534,51,208.2893
10/17/2020,Oct,Illinois,67,3629,27,215.8569
10/17/2020,Oct,Maryland,12,798,4,111.8024
10/17/2020,Oct,Massachuttces,24,584,21,134.5052
10/17/2020,Oct,Michigan,13,0,0,113.6943
10/17/2020,Oct,Minniesota,16,1694,5,119.37
10/17/2020,Oct,Nevada,32,967,0,149.6404
10/17/2020,Oct,New Jersey,32,934,2,149.6404
10/17/2020,Oct,New York,50,1784,9,183.6946
10/17/2020,Oct,North Carolina,25,2102,19,136.3971
10/17/2020,Oct,Pennsylvania,6,1857,9,100.451
10/17/2020,Oct,Texas,77,4885,81,234.7759
10/17/2020,Oct,Utah,10,1340,3,108.0186
10/17/2020,Oct,Washington,40,709,7,164.7756
10/18/2020,Oct,Arizona,536,742,3,1103.158
10/18/2020,Oct,California,2069,2862,44,4003.4407
10/18/2020,Oct,Colorado,949,1139,0,1884.5127
10/18/2020,Oct,Florida,1136,2539,50,2238.298
10/18/2020,Oct,Georgia,2454,1174,31,4731.8222
10/18/2020,Oct,Illinois,1997,4245,22,3867.2239
10/18/2020,Oct,Maryland,258,530,1,577.2098
10/18/2020,Oct,Massachuttces,480,730,14,997.2116
10/18/2020,Oct,Michigan,685,0,0,1385.0511
10/18/2020,Oct,Minniesota,522,1722,17,1076.6714
10/18/2020,Oct,Nevada,527,609,3,1086.1309
10/18/2020,Oct,New Jersey,615,1275,7,1252.6181
10/18/2020,Oct,New York,1078,1390,7,2128.5678
10/18/2020,Oct,North Carolina,635,2303,5,1290.4561
10/18/2020,Oct,Pennsylvania,330,1269,26,713.4266
10/18/2020,Oct,Texas,2498,3216,30,4815.0658
10/18/2020,Oct,Utah,447,1097,3,934.7789
10/18/2020,Oct,Washington,705,1307,0,1422.8891
10/19/2020,Oct,Arizona,542,748,3,1114.5094
10/19/2020,Oct,California,2001,3474,27,3874.7915
10/19/2020,Oct,Colorado,910,933,0,1810.7286
10/19/2020,Oct,Florida,1036,1707,54,2049.108
10/19/2020,Oct,Georgia,2152,752,19,4160.4684
10/19/2020,Oct,Illinois,1861,3113,22,3609.9255
10/19/2020,Oct,Maryland,240,497,4,543.1556
10/19/2020,Oct,Massachuttces,428,828,16,898.8328
10/19/2020,Oct,Michigan,735,5004,46,1479.6461
10/19/2020,Oct,Minniesota,507,1627,5,1048.2929
10/19/2020,Oct,Nevada,499,582,2,1033.1577
10/19/2020,Oct,New Jersey,575,1192,3,1176.9421
10/19/2020,Oct,New York,949,998,15,1884.5127
10/19/2020,Oct,North Carolina,649,1144,5,1316.9427
10/19/2020,Oct,Pennsylvania,423,1103,8,889.3733
10/19/2020,Oct,Texas,2518,1894,8,4852.9038
10/19/2020,Oct,Utah,454,1168,3,948.0222
10/19/2020,Oct,Washington,715,0,0,1441.8081
10/20/2020,Oct,Arizona,489,1040,7,1014.2387
10/20/2020,Oct,California,1758,3286,22,3415.0598
10/20/2020,Oct,Colorado,763,1072,9,1532.6193
10/20/2020,Oct,Florida,816,3662,86,1632.89
10/20/2020,Oct,Georgia,1998,1128,17,3869.1158
10/20/2020,Oct,Illinois,1510,3714,41,2945.8686
10/20/2020,Oct,Maryland,232,590,9,528.0204
10/20/2020,Oct,Massachuttces,355,976,5,760.7241
10/20/2020,Oct,Michigan,613,1871,20,1248.8343
10/20/2020,Oct,Minniesota,354,1092,7,758.8322
10/20/2020,Oct,Nevada,329,656,15,711.5347
10/20/2020,Oct,New Jersey,479,988,13,995.3197
10/20/2020,Oct,New York,806,1201,13,1613.971
10/20/2020,Oct,North Carolina,535,1578,53,1101.2661
10/20/2020,Oct,Pennsylvania,229,1557,33,522.3447
10/20/2020,Oct,Texas,2090,7884,65,4043.1706
10/20/2020,Oct,Utah,444,1081,5,929.1032
10/20/2020,Oct,Washington,689,460,19,1392.6187
10/21/2020,Oct,Arizona,491,975,17,1018.0225
10/21/2020,Oct,California,1851,3707,35,3591.0065
10/21/2020,Oct,Colorado,880,1208,9,1753.9716
10/21/2020,Oct,Florida,825,0,0,1649.9171
10/21/2020,Oct,Georgia,1857,1312,30,3602.3579
10/21/2020,Oct,Illinois,1150,4342,68,2264.7846
10/21/2020,Oct,Maryland,223,492,8,510.9933
10/21/2020,Oct,Massachuttces,368,702,22,785.3188
10/21/2020,Oct,Michigan,606,1878,35,1235.591
10/21/2020,Oct,Minniesota,464,1060,35,966.9412
10/21/2020,Oct,Nevada,364,565,5,777.7512
10/21/2020,Oct,New Jersey,479,1030,18,995.3197
10/21/2020,Oct,New York,852,2026,7,1700.9984
10/21/2020,Oct,North Carolina,550,1842,40,1129.6446
10/21/2020,Oct,Pennsylvania,394,1425,29,834.5082
10/21/2020,Oct,Texas,2045,5252,114,3958.0351
10/21/2020,Oct,Utah,437,1363,6,915.8599
10/21/2020,Oct,Washington,695,489,24,1403.9701
10/22/2020,Oct,Arizona,544,994,5,1118.2932
10/22/2020,Oct,California,1914,2940,162,3710.1962
10/22/2020,Oct,Colorado,936,1267,6,1859.918
10/22/2020,Oct,Florida,1140,7702,162,2245.8656
10/22/2020,Oct,Georgia,2338,1785,25,4512.3618
10/22/2020,Oct,Illinois,1801,4942,42,3496.4115
10/22/2020,Oct,Maryland,251,743,12,563.9665
10/22/2020,Oct,Massachuttces,467,1049,30,972.6169
10/22/2020,Oct,Michigan,735,2204,46,1479.6461
10/22/2020,Oct,Minniesota,498,1561,20,1031.2658
10/22/2020,Oct,Nevada,496,789,4,1027.482
10/22/2020,Oct,New Jersey,623,1162,18,1267.7533
10/22/2020,Oct,New York,1044,1628,15,2064.2432
10/22/2020,Oct,North Carolina,635,2400,50,1290.4561
10/22/2020,Oct,Pennsylvania,364,2063,30,777.7512
10/22/2020,Oct,Texas,2309,6291,85,4457.4967
10/22/2020,Oct,Utah,463,1543,6,965.0493
10/22/2020,Oct,Washington,707,724,4,1426.6729
10/23/2020,Oct,Arizona,443,976,6,927.2113
10/23/2020,Oct,California,1374,6141,73,2688.5702
10/23/2020,Oct,Colorado,781,1373,4,1566.6735
10/23/2020,Oct,Florida,962,3689,74,1909.1074
10/23/2020,Oct,Georgia,2213,2224,37,4275.8743
10/23/2020,Oct,Illinois,1668,5000,41,3244.7888
10/23/2020,Oct,Maryland,209,712,8,484.5067
10/23/2020,Oct,Massachuttces,446,1070,20,932.887
10/23/2020,Oct,Michigan,619,2046,20,1260.1857
10/23/2020,Oct,Minniesota,440,1711,13,921.5356
10/23/2020,Oct,Nevada,323,813,2,700.1833
10/23/2020,Oct,New Jersey,551,1045,10,1131.5365
10/23/2020,Oct,New York,858,1637,11,1712.3498
10/23/2020,Oct,North Carolina,611,2716,32,1245.0505
10/23/2020,Oct,Pennsylvania,343,2219,33,738.0213
10/23/2020,Oct,Texas,1402,6472,89,2741.5434
10/23/2020,Oct,Utah,348,1960,4,747.4808
10/23/2020,Oct,Washington,528,651,3,1088.0228
