Date,Month Abbr,State,Number of Flights,Positive,Daily Positve Increase,Deaths,Daily Death Increase,Total Tested,Daily Test Increase
2020-08-24,Aug,Arizona,494,198414,311,4771,0,1155629,6342
2020-08-24,Aug,California,1998,668615,4946,12152,18,10652487,111456
2020-08-24,Aug,Colorado,941,55143,260,1815,0,938596,8444
2020-08-24,Aug,Florida,917,602829,2258,10534,72,4447156,18523
2020-08-24,Aug,Georgia,2166,256253,2304,5156,24,2205181,33297
2020-08-24,Aug,Illinois,2060,223207,1612,8097,8,3741608,36155
2020-08-24,Aug,Maryland,281,104669,567,3694,3,1794703,22047
2020-08-24,Aug,Massachuttces,428,126022,662,8948,27,2122991,58462
2020-08-24,Aug,Michigan,674,107686,878,6663,4,2554894,21422
2020-08-24,Aug,Minniesota,509,70298,714,1817,4,1386513,11977
2020-08-24,Aug,Nevada,460,66010,409,1200,3,576677,2448
2020-08-24,Aug,New Jersey,475,189719,225,15901,3,2676812,27814
2020-08-24,Aug,New York,860,430145,408,25295,7,7683190,62031
2020-08-24,Aug,North Carolina,640,156396,1283,2535,4,2087695,9223
2020-08-24,Aug,Pennsylvania,418,129474,426,7579,1,1562838,9818
2020-08-24,Aug,Texas,2414,580384,2847,11395,25,4670875,2847
2020-08-24,Aug,Utah,468,49364,249,390,5,626354,1518
2020-08-24,Aug,Virginia,413,113630,664,2471,4,1479117,13084
2020-08-24,Aug,Washington,686,71681,22,1863,6,1380050,1014
2020-08-25,Aug,Arizona,450,199273,859,4792,21,1160602,4973
2020-08-25,Aug,California,1852,673095,4480,12257,105,10762506,110019
2020-08-25,Aug,Colorado,839,55341,198,1824,9,947645,9049
2020-08-25,Aug,Florida,818,605502,2673,10717,183,4466524,19368
2020-08-25,Aug,Georgia,1816,258354,2101,5262,106,2230850,25669
2020-08-25,Aug,Illinois,1622,224887,1680,8126,29,3782467,40859
2020-08-25,Aug,Maryland,254,105046,377,3707,13,1807573,12870
2020-08-25,Aug,Massachuttces,351,126420,398,8960,12,2157864,34873
2020-08-25,Aug,Michigan,583,108637,951,6684,21,2579175,24281
2020-08-25,Aug,Minniesota,471,70707,409,1825,8,1394986,8473
2020-08-25,Aug,Nevada,368,66413,403,1230,30,579282,2605
2020-08-25,Aug,New Jersey,423,190021,302,15905,4,2697895,21083
2020-08-25,Aug,New York,757,430774,629,25297,2,7750445,67255
2020-08-25,Aug,North Carolina,473,157741,1345,2570,35,2102359,14664
2020-08-25,Aug,Pennsylvania,361,130035,561,7605,26,1575205,12367
2020-08-25,Aug,Texas,2030,586730,6346,11576,181,4724559,53684
2020-08-25,Aug,Utah,427,49767,403,397,7,630599,4245
2020-08-25,Aug,Virginia,414,114635,1005,2494,23,1495014,15897
2020-08-25,Aug,Washington,695,71681,0,1867,4,1380050,0
2020-08-26,Aug,Arizona,446,199459,186,4896,104,1165295,4693
2020-08-26,Aug,California,1829,679099,6004,12407,150,10832757,70251
2020-08-26,Aug,Colorado,782,55800,459,1826,2,955641,7996
2020-08-26,Aug,Florida,800,608722,3220,10872,155,4492818,26294
2020-08-26,Aug,Georgia,1936,260590,2236,5311,49,2248901,18051
2020-08-26,Aug,Illinois,1821,227044,2157,8163,37,3832829,50362
2020-08-26,Aug,Maryland,263,105486,440,3717,10,1819950,12377
2020-08-26,Aug,Massachuttces,376,126756,336,8987,27,2194342,36478
2020-08-26,Aug,Michigan,611,109480,843,6690,6,2620352,41177
2020-08-26,Aug,Minniesota,470,71236,529,1842,17,1406007,11021
2020-08-26,Aug,Nevada,377,66666,253,1250,20,581155,1873
2020-08-26,Aug,New Jersey,468,190306,285,15915,10,2721584,23689
2020-08-26,Aug,New York,767,431340,566,25305,8,7821634,71189
2020-08-26,Aug,North Carolina,485,158985,1244,2606,36,2121001,18642
2020-08-26,Aug,Pennsylvania,360,130536,501,7624,19,1588178,12973
2020-08-26,Aug,Texas,1533,592137,5407,11805,229,4764640,40081
2020-08-26,Aug,Utah,437,50174,407,401,4,637329,6730
2020-08-26,Aug,Virginia,402,115458,823,2515,21,1502521,7507
2020-08-26,Aug,Washington,677,71705,24,1876,9,1380104,54
2020-08-27,Aug,Arizona,496,200139,680,4929,33,1173293,7998
2020-08-27,Aug,California,1941,683529,4430,12550,143,10918415,85658
2020-08-27,Aug,Colorado,925,55993,193,1835,9,962754,7113
2020-08-27,Aug,Florida,993,611991,3269,11011,139,4517364,24546
2020-08-27,Aug,Georgia,1973,263074,2484,5393,82,2268837,19936
2020-08-27,Aug,Illinois,1769,228751,1707,8186,23,3877339,44510
2020-08-27,Aug,Maryland,289,106063,577,3722,5,1841425,21475
2020-08-27,Aug,Massachuttces,426,127124,368,9007,20,2246626,52284
2020-08-27,Aug,Michigan,672,110343,863,6706,16,2650831,30479
2020-08-27,Aug,Minniesota,525,72390,1154,1855,13,1427347,21340
2020-08-27,Aug,Nevada,472,67220,554,1271,21,584232,3077
2020-08-27,Aug,New Jersey,444,190613,307,15922,7,2748836,27252
2020-08-27,Aug,New York,862,432131,791,25309,4,7905071,83437
2020-08-27,Aug,North Carolina,645,161076,2091,2630,24,2152725,31724
2020-08-27,Aug,Pennsylvania,441,131156,620,7635,11,1602921,14743
2020-08-27,Aug,Texas,2057,597737,5600,12070,265,4793914,29274
2020-08-27,Aug,Utah,482,50557,383,403,2,642761,5432
2020-08-27,Aug,Virginia,448,115458,0,2515,0,1502521,0
2020-08-27,Aug,Washington,732,72161,456,1880,4,1391309,11205
2020-08-28,Aug,Arizona,496,200658,519,4978,49,1182397,9104
2020-08-28,Aug,California,1996,688858,5329,12690,140,11010637,92222
2020-08-28,Aug,Colorado,912,56343,350,1835,0,972990,10236
2020-08-28,Aug,Florida,944,615806,3815,11099,88,4547677,30313
2020-08-28,Aug,Georgia,2208,265372,2298,5471,78,2286984,18147
2020-08-28,Aug,Illinois,1897,231185,2434,8206,20,3926007,48668
2020-08-28,Aug,Maryland,252,106664,601,3736,14,1868927,27502
2020-08-28,Aug,Massachuttces,457,127584,460,9023,16,2290752,44126
2020-08-28,Aug,Michigan,597,111136,793,6712,6,2683874,33043
2020-08-28,Aug,Minniesota,487,73240,850,1859,4,1443344,15997
2020-08-28,Aug,Nevada,453,67852,632,1287,16,588551,4319
2020-08-28,Aug,New Jersey,485,190971,358,15932,10,2749194,358
2020-08-28,Aug,New York,854,432767,636,25312,3,8002897,97826
2020-08-28,Aug,North Carolina,624,162491,1415,2652,22,2182891,30166
2020-08-28,Aug,Pennsylvania,330,131991,835,7655,20,1620826,17905
2020-08-28,Aug,Texas,2340,601768,4031,12266,196,4842362,48448
2020-08-28,Aug,Utah,462,50948,391,407,4,647745,4984
2020-08-28,Aug,Virginia,388,117592,2134,2550,35,1539290,36769
2020-08-28,Aug,Washington,713,72703,542,1890,10,1408164,16855
2020-08-29,Aug,Arizona,448,201287,629,5007,29,1190668,8271
2020-08-29,Aug,California,1862,693839,4981,12834,144,11109630,98993
2020-08-29,Aug,Colorado,848,56773,430,1843,8,985622,12632
2020-08-29,Aug,Florida,936,619003,3197,11249,150,4575211,27534
2020-08-29,Aug,Georgia,1983,267758,2386,5576,105,2312179,25195
2020-08-29,Aug,Illinois,1833,233065,1880,8217,11,3974791,48784
2020-08-29,Aug,Maryland,265,107294,630,3746,10,1894410,25483
2020-08-29,Aug,Massachuttces,414,128030,446,9036,13,2339669,48917
2020-08-29,Aug,Michigan,610,111136,0,6712,0,2683874,0
2020-08-29,Aug,Minniesota,476,74257,1017,1863,4,1460381,17037
2020-08-29,Aug,Nevada,401,68461,609,1302,15,592521,3970
2020-08-29,Aug,New Jersey,469,191320,349,15935,3,2807747,58553
2020-08-29,Aug,New York,798,433402,635,25319,7,8096770,93873
2020-08-29,Aug,North Carolina,635,165076,2585,2683,31,2218149,35258
2020-08-29,Aug,Pennsylvania,337,132834,843,7671,16,1636942,16116
2020-08-29,Aug,Texas,2301,606530,4762,12420,154,4900972,58610
2020-08-29,Aug,Utah,439,51406,458,407,0,650560,2815
2020-08-29,Aug,Virginia,403,118809,1217,2568,18,1555487,16197
2020-08-29,Aug,Washington,717,73301,598,1905,15,1423771,15607
2020-08-30,Aug,Arizona,454,201661,374,5030,23,1197728,7060
2020-08-30,Aug,California,1981,699909,6070,12905,71,11231829,122199
2020-08-30,Aug,Colorado,806,57041,268,1843,0,994951,9329
2020-08-30,Aug,Florida,752,621586,2583,11263,14,4599608,24397
2020-08-30,Aug,Georgia,1550,268973,1215,5604,28,2327490,15311
2020-08-30,Aug,Illinois,1865,235057,1992,8228,11,4018484,43693
2020-08-30,Aug,Maryland,266,107791,497,3752,6,1919515,25105
2020-08-30,Aug,Massachuttces,432,128229,199,9049,13,2372564,32895
2020-08-30,Aug,Michigan,512,112526,1390,6748,36,2744794,60920
2020-08-30,Aug,Minniesota,426,75189,932,1865,2,1478432,18051
2020-08-30,Aug,Nevada,456,68908,447,1302,0,595685,3164
2020-08-30,Aug,New Jersey,466,191611,291,15939,4,2836334,28587
2020-08-30,Aug,New York,818,434100,698,25327,8,8196792,100022
2020-08-30,Aug,North Carolina,563,166127,1051,2692,9,2243273,25124
2020-08-30,Aug,Pennsylvania,327,133504,670,7673,2,1649403,12461
2020-08-30,Aug,Texas,2166,610354,3824,12510,90,4924712,23740
2020-08-30,Aug,Utah,406,51854,448,407,0,655507,4947
2020-08-30,Aug,Virginia,404,119747,938,2569,1,1568194,12707
2020-08-30,Aug,Washington,681,74320,1019,1905,0,1461354,37583
2020-08-31,Aug,Arizona,477,201835,174,5029,0,1202698,4970
2020-08-31,Aug,California,1999,704085,4176,12933,28,11373305,141476
2020-08-31,Aug,Colorado,923,57223,182,1843,0,1002802,7851
2020-08-31,Aug,Florida,944,623471,1885,11331,68,4615539,15931
2020-08-31,Aug,Georgia,2062,270471,1498,5632,28,2343634,16144
2020-08-31,Aug,Illinois,2023,236725,1668,8235,7,4065863,47379
2020-08-31,Aug,Maryland,287,108249,458,3755,3,1938846,19331
2020-08-31,Aug,Massachuttces,430,128533,304,9060,11,2404426,31862
2020-08-31,Aug,Michigan,664,113025,499,6753,5,2764431,19637
2020-08-31,Aug,Minniesota,502,75864,675,1866,1,1489726,11294
2020-08-31,Aug,Nevada,455,69228,320,1305,3,597921,2236
2020-08-31,Aug,New Jersey,477,191960,349,15947,8,2857918,21584
2020-08-31,Aug,New York,887,434756,656,25328,1,8263033,66241
2020-08-31,Aug,North Carolina,606,167313,1186,2702,10,2256172,12899
2020-08-31,Aug,Pennsylvania,423,134025,521,7673,0,1658220,8817
2020-08-31,Aug,Texas,2393,612969,2615,12536,26,4961553,36841
2020-08-31,Aug,Utah,474,52107,253,407,0,659855,4348
2020-08-31,Aug,Virginia,426,120594,847,2580,11,1581291,13097
2020-08-31,Aug,Washington,685,74320,0,1905,0,1461354,0
2020-09-01,Sep,Arizona,446,202342,507,5044,15,1207256,4558
2020-09-01,Sep,California,1925,707797,3712,13018,85,11470696,97391
2020-09-01,Sep,Colorado,832,57424,201,1849,6,1009970,7168
2020-09-01,Sep,Florida,810,631040,7569,11521,190,4675866,60327
2020-09-01,Sep,Georgia,1829,272697,2226,5733,101,2368498,24864
2020-09-01,Sep,Illinois,1769,238217,1492,8273,38,4088824,22961
2020-09-01,Sep,Maryland,258,108863,614,3761,6,1952501,13655
2020-09-01,Sep,Massachuttces,391,128888,355,9064,4,2448341,43915
2020-09-01,Sep,Michigan,574,113820,795,6767,14,2789407,24976
2020-09-01,Sep,Minniesota,450,76355,491,1872,6,1498919,9193
2020-09-01,Sep,Nevada,364,69633,405,1313,8,600349,2428
2020-09-01,Sep,New Jersey,473,192290,330,15952,5,2859048,1130
2020-09-01,Sep,New York,753,435510,754,25331,3,8340030,76997
2020-09-01,Sep,North Carolina,463,169424,2111,2741,39,2295698,39526
2020-09-01,Sep,Pennsylvania,371,134795,770,7691,18,1674764,16544
2020-09-01,Sep,Texas,1489,617333,4364,12681,145,5033554,72001
2020-09-01,Sep,Utah,432,52403,296,409,2,664521,4666
2020-09-01,Sep,Virginia,481,121615,1021,2612,32,1593368,12077
2020-09-01,Sep,Washington,747,74635,315,1915,10,1473245,11891
2020-09-02,Sep,Arizona,476,202861,519,5065,21,1212177,4921
2020-09-02,Sep,California,1931,712052,4255,13163,145,11580370,109674
2020-09-02,Sep,Colorado,813,57775,351,1853,4,1014642,4672
2020-09-02,Sep,Florida,890,633442,2402,11651,130,4693802,17936
2020-09-02,Sep,Georgia,1921,274613,1916,5795,62,2381637,13139
2020-09-02,Sep,Illinois,1796,240345,2128,8300,27,4121575,32751
2020-09-02,Sep,Maryland,260,109319,456,3766,5,1964931,12430
2020-09-02,Sep,Massachuttces,414,121131,0,9060,0,2478482,30141
2020-09-02,Sep,Michigan,637,114468,648,6781,14,2816816,27409
2020-09-02,Sep,Minniesota,475,77085,730,1882,10,1525555,26636
2020-09-02,Sep,Nevada,373,69872,239,1336,23,602308,1959
2020-09-02,Sep,New Jersey,462,192595,305,15963,11,2902267,43219
2020-09-02,Sep,New York,791,436218,708,25336,5,8428477,88447
2020-09-02,Sep,North Carolina,481,170553,1129,2779,38,2315310,19612
2020-09-02,Sep,Pennsylvania,355,135611,816,7712,21,1687696,12932
2020-09-02,Sep,Texas,1906,621667,4334,12870,189,5068862,35308
2020-09-02,Sep,Utah,446,52822,419,410,1,668425,3904
2020-09-02,Sep,Virginia,476,122542,927,2641,29,1605290,11922
2020-09-02,Sep,Washington,708,74939,304,1931,16,1480039,6794
2020-09-03,Sep,Arizona,529,203953,1092,5130,65,1221089,8912
2020-09-03,Sep,California,2086,717177,5125,13327,164,11663924,83554
2020-09-03,Sep,Colorado,949,58019,244,1853,0,1021497,6855
2020-09-03,Sep,Florida,984,637013,3571,11800,149,4717696,23894
2020-09-03,Sep,Georgia,2004,277288,2675,5868,73,2410665,29028
2020-09-03,Sep,Illinois,2052,241705,1360,8324,24,4162370,40795
2020-09-03,Sep,Maryland,291,110012,693,3778,12,1989891,24960
2020-09-03,Sep,Massachuttces,465,121546,415,9077,17,2560869,82387
2020-09-03,Sep,Michigan,676,115242,774,6791,10,2849451,32635
2020-09-03,Sep,Minniesota,540,78123,1038,1889,7,1540107,14552
2020-09-03,Sep,Nevada,500,70223,351,1363,27,605268,2960
2020-09-03,Sep,New Jersey,561,192973,378,15970,7,2930015,27748
2020-09-03,Sep,New York,1006,437107,889,25343,7,8517458,88981
2020-09-03,Sep,North Carolina,649,172209,1656,2803,24,2347837,32527
2020-09-03,Sep,Pennsylvania,443,136771,1160,7732,20,1702214,14518
2020-09-03,Sep,Texas,2370,625347,3680,13091,221,5107503,38641
2020-09-03,Sep,Utah,495,53326,504,414,4,673659,5234
2020-09-03,Sep,Virginia,409,123668,1126,2652,11,1619053,13763
2020-09-03,Sep,Washington,800,75377,438,1935,4,1496353,16314
2020-09-04,Sep,Arizona,536,204681,728,5171,41,1235142,14053
2020-09-04,Sep,California,2139,722283,5106,13490,163,11796970,133046
2020-09-04,Sep,Colorado,938,58287,268,1861,8,1029791,8294
2020-09-04,Sep,Florida,1043,640211,3198,11903,103,4740007,22311
2020-09-04,Sep,Georgia,2189,279354,2066,5931,63,2432125,21460
2020-09-04,Sep,Illinois,2064,247299,5594,8362,38,4311869,149499
2020-09-04,Sep,Maryland,290,110831,819,3789,11,2019324,29433
2020-09-04,Sep,Massachuttces,480,121758,212,9100,23,2600312,39443
2020-09-04,Sep,Michigan,729,116295,1053,6798,7,2877981,28530
2020-09-04,Sep,Minniesota,524,78966,843,1899,10,1558831,18724
2020-09-04,Sep,Nevada,525,70712,489,1375,12,608815,3547
2020-09-04,Sep,New Jersey,545,193422,449,15977,7,2964722,34707
2020-09-04,Sep,New York,968,437971,864,25348,5,8610853,93395
2020-09-04,Sep,North Carolina,659,174254,2045,2839,36,2389096,41259
2020-09-04,Sep,Pennsylvania,422,137662,891,7742,10,1714541,12327
2020-09-04,Sep,Texas,2358,630829,5482,13231,140,5119753,12250
2020-09-04,Sep,Utah,481,53839,513,419,5,679716,6057
2020-09-04,Sep,Virginia,449,124779,1111,2662,10,1634308,15255
2020-09-04,Sep,Washington,803,75856,479,1945,10,1518089,21736
2020-09-05,Sep,Arizona,397,205516,835,5207,36,1250981,15839
2020-09-05,Sep,California,1905,727239,4956,13643,153,11916323,119353
2020-09-05,Sep,Colorado,782,58655,368,1866,5,1040752,10961
2020-09-05,Sep,Florida,885,643867,3656,11963,60,4763807,23800
2020-09-05,Sep,Georgia,1964,281548,2194,5977,46,2460729,28604
2020-09-05,Sep,Illinois,1419,250105,2806,8385,23,4373804,61935
2020-09-05,Sep,Maryland,254,111607,776,3796,7,2047516,28192
2020-09-05,Sep,Massachuttces,372,122196,438,9116,16,2660462,60150
2020-09-05,Sep,Michigan,653,117191,896,6806,8,2919002,41021
2020-09-05,Sep,Minniesota,441,79880,914,1903,4,1577466,18635
2020-09-05,Sep,Nevada,396,71102,390,1388,13,613004,4189
2020-09-05,Sep,New Jersey,449,193747,325,15984,7,2965047,325
2020-09-05,Sep,New York,856,438772,801,25350,2,8710614,99761
2020-09-05,Sep,North Carolina,619,175815,1561,2889,50,2410871,21775
2020-09-05,Sep,Pennsylvania,328,138625,963,7760,18,1727706,13165
2020-09-05,Sep,Texas,1738,635315,4486,13408,177,5183948,64195
2020-09-05,Sep,Utah,413,54272,433,420,1,683965,4249
2020-09-05,Sep,Virginia,296,125727,948,2677,15,1652020,17712
2020-09-05,Sep,Washington,761,76335,479,1953,8,1534090,16001
2020-09-06,Sep,Arizona,379,205766,250,5221,14,1257221,6240
2020-09-06,Sep,California,1894,732144,4905,13709,66,12047191,130868
2020-09-06,Sep,Colorado,752,58989,334,1866,0,1051084,10332
2020-09-06,Sep,Florida,849,646431,2564,12001,38,4784770,20963
2020-09-06,Sep,Georgia,2044,283199,1651,6037,60,2479568,18839
2020-09-06,Sep,Illinois,1526,251508,1403,8390,5,4420300,46496
2020-09-06,Sep,Maryland,227,112119,512,3799,3,2064239,16723
2020-09-06,Sep,Massachuttces,443,122562,366,9125,9,2704512,44050
2020-09-06,Sep,Michigan,615,117191,0,6806,0,2919002,0
2020-09-06,Sep,Minniesota,474,80587,707,1909,6,1594639,17173
2020-09-06,Sep,Nevada,456,71610,508,1389,1,619482,6478
2020-09-06,Sep,New Jersey,484,194058,311,15988,4,3002307,37260
2020-09-06,Sep,New York,935,439501,729,25359,9,8796244,85630
2020-09-06,Sep,North Carolina,548,176901,1086,2890,1,2442950,32079
2020-09-06,Sep,Pennsylvania,307,139316,691,7760,0,1738615,10909
2020-09-06,Sep,Texas,1878,638310,2995,13472,64,5282579,98631
2020-09-06,Sep,Utah,422,54660,388,422,2,688735,4770
2020-09-06,Sep,Virginia,367,126926,1199,2678,1,1664475,12455
2020-09-06,Sep,Washington,739,76836,501,1953,0,1550477,16387
2020-09-07,Sep,Arizona,445,205964,198,5219,0,1261590,4369
2020-09-07,Sep,California,2027,735235,3091,13726,17,12158292,111101
2020-09-07,Sep,Colorado,844,59274,285,1866,0,1059557,8473
2020-09-07,Sep,Florida,931,648269,1838,12023,22,4801684,16914
2020-09-07,Sep,Georgia,2175,283807,608,6044,7,2488841,9273
2020-09-07,Sep,Illinois,1945,252889,1381,8398,8,4449275,28975
2020-09-07,Sep,Maryland,240,112883,764,3804,5,2086609,22370
2020-09-07,Sep,Massachuttces,412,122791,229,9133,8,2728153,23641
2020-09-07,Sep,Michigan,688,118403,1212,6810,4,2962678,43676
2020-09-07,Sep,Minniesota,506,81225,638,1912,3,1609618,14979
2020-09-07,Sep,Nevada,466,71967,357,1393,4,622642,3160
2020-09-07,Sep,New Jersey,488,194390,332,15990,2,3054528,52221
2020-09-07,Sep,New York,906,440021,520,25361,2,8855109,58865
2020-09-07,Sep,North Carolina,553,177919,1018,2897,7,2459582,16632
2020-09-07,Sep,Pennsylvania,367,139863,547,7780,20,1748241,9626
2020-09-07,Sep,Texas,2274,640370,2060,13492,20,5320999,38420
2020-09-07,Sep,Utah,441,55033,373,423,1,691743,3008
2020-09-07,Sep,Virginia,450,127571,645,2684,6,1676446,11971
2020-09-07,Sep,Washington,766,77235,399,1953,0,1563053,12576
2020-09-08,Sep,Arizona,403,206045,81,5221,2,1264793,3203
2020-09-08,Sep,California,1720,737911,2676,13758,32,12267948,109656
2020-09-08,Sep,Colorado,541,59487,213,1866,0,1069606,10049
2020-09-08,Sep,Florida,759,650092,1823,12067,44,4816873,15189
2020-09-08,Sep,Georgia,1759,285350,1543,6070,26,2511826,22985
2020-09-08,Sep,Illinois,1595,254281,1392,8405,7,4480638,31363
2020-09-08,Sep,Maryland,222,113239,356,3807,3,2099562,12953
2020-09-08,Sep,Massachuttces,374,122962,171,9141,8,2758384,30231
2020-09-08,Sep,Michigan,526,118902,499,6811,1,2980084,17406
2020-09-08,Sep,Minniesota,432,81608,383,1914,2,1616738,7120
2020-09-08,Sep,Nevada,350,72104,137,1393,0,624052,1410
2020-09-08,Sep,New Jersey,396,194667,277,15995,5,3070746,16218
2020-09-08,Sep,New York,783,440578,557,25367,6,8912935,57826
2020-09-08,Sep,North Carolina,465,178635,716,2909,12,2469977,10395
2020-09-08,Sep,Pennsylvania,328,140359,496,7791,11,1755076,6835
2020-09-08,Sep,Texas,1934,641791,1421,13553,61,5339126,18127
2020-09-08,Sep,Utah,316,55359,326,424,1,695347,3604
2020-09-08,Sep,Virginia,437,128407,836,2686,2,1684048,7602
2020-09-08,Sep,Washington,727,77235,0,1953,0,1563053,0
2020-09-09,Sep,Arizona,459,206541,496,5251,30,1267371,2578
2020-09-09,Sep,California,1831,739527,1616,13841,83,12343797,75849
2020-09-09,Sep,Colorado,756,59674,187,1868,2,1073979,4373
2020-09-09,Sep,Florida,661,652148,2056,12269,202,4831248,14375
2020-09-09,Sep,Georgia,1961,287287,1937,6128,58,2527779,15953
2020-09-09,Sep,Illinois,1671,255618,1337,8433,28,4528667,48029
2020-09-09,Sep,Maryland,230,113575,336,3816,9,2109473,9911
2020-09-09,Sep,Massachuttces,386,123143,181,9146,5,2798585,40201
2020-09-09,Sep,Michigan,597,119863,961,6887,76,3003277,23193
2020-09-09,Sep,Minniesota,454,81868,260,1921,7,1621174,4436
2020-09-09,Sep,Nevada,319,72258,154,1412,19,624874,822
2020-09-09,Sep,New Jersey,418,194990,323,16003,8,3091149,20403
2020-09-09,Sep,New York,787,441154,576,25370,3,8976165,63230
2020-09-09,Sep,North Carolina,574,179532,897,2958,49,2490113,20136
2020-09-09,Sep,Pennsylvania,302,141290,931,7805,14,1766930,11854
2020-09-09,Sep,Texas,1901,645791,4000,13692,139,5372132,33006
2020-09-09,Sep,Utah,425,55673,314,427,3,698541,3194
2020-09-09,Sep,Virginia,481,129289,882,2697,11,1694203,10155
2020-09-09,Sep,Washington,741,78009,774,1978,25,1583903,20850
2020-09-10,Sep,Arizona,506,207002,461,5273,22,1270873,3502
2020-09-10,Sep,California,1952,742865,3338,13978,137,12389991,46194
2020-09-10,Sep,Colorado,854,59920,246,1882,14,1079276,5297
2020-09-10,Sep,Florida,930,654731,2583,12482,213,4850259,19011
2020-09-10,Sep,Georgia,2057,289123,1836,6204,76,2542594,14815
2020-09-10,Sep,Illinois,1713,257571,1953,8461,28,4577649,48982
2020-09-10,Sep,Maryland,250,114078,503,3824,8,2128024,18551
2020-09-10,Sep,Massachuttces,431,123546,403,9166,20,2852550,53965
2020-09-10,Sep,Michigan,717,120846,983,6894,7,3036448,33171
2020-09-10,Sep,Minniesota,483,82249,381,1936,15,1646961,25787
2020-09-10,Sep,Nevada,454,72546,288,1429,17,627319,2445
2020-09-10,Sep,New Jersey,538,195414,424,16008,5,3113654,22505
2020-09-10,Sep,New York,998,441911,757,25377,7,9052978,76813
2020-09-10,Sep,North Carolina,618,180754,1222,2990,32,2521839,31726
2020-09-10,Sep,Pennsylvania,337,141877,587,7820,15,1781226,14296
2020-09-10,Sep,Texas,2255,649809,4018,13853,161,5405257,33125
2020-09-10,Sep,Utah,470,56019,346,430,3,703766,5225
2020-09-10,Sep,Virginia,471,130525,1236,2708,11,1710556,16353
2020-09-10,Sep,Washington,703,78467,458,1985,7,1597987,14084
2020-09-11,Sep,Arizona,513,207523,521,5288,15,1277543,6670
2020-09-11,Sep,California,2021,746191,3326,14089,111,12451660,61669
2020-09-11,Sep,Colorado,882,60185,265,1889,7,1087199,7923
2020-09-11,Sep,Florida,995,658381,3650,12658,176,4876756,26497
2020-09-11,Sep,Georgia,2265,290781,1658,6246,42,2558319,15725
2020-09-11,Sep,Illinois,1935,259883,2312,8505,44,4634477,56828
2020-09-11,Sep,Maryland,257,114724,646,3828,4,2150638,22614
2020-09-11,Sep,Massachuttces,463,123986,440,9180,14,2905353,52803
2020-09-11,Sep,Michigan,665,122251,1405,6900,6,3072786,36338
2020-09-11,Sep,Minniesota,498,82716,467,1949,13,1665328,18367
2020-09-11,Sep,Nevada,440,72806,260,1439,10,633282,5963
2020-09-11,Sep,New Jersey,527,195888,474,16017,9,3140786,27132
2020-09-11,Sep,New York,903,442791,880,25382,5,9142700,89722
2020-09-11,Sep,North Carolina,617,182286,1532,3023,33,2558654,36815
2020-09-11,Sep,Pennsylvania,298,142885,1008,7837,17,1794913,13687
2020-09-11,Sep,Texas,2301,653356,3547,13997,144,5454041,48784
2020-09-11,Sep,Utah,455,56675,656,431,1,707807,4041
2020-09-11,Sep,Virginia,437,131640,1115,2711,3,1728110,17554
2020-09-11,Sep,Washington,738,79011,544,1991,6,1614748,16761
2020-09-12,Sep,Arizona,448,208128,605,5315,27,1286824,9281
2020-09-12,Sep,California,1890,750298,4107,14251,162,12556967,105307
2020-09-12,Sep,Colorado,784,60492,307,1889,0,1097985,10786
2020-09-12,Sep,Florida,864,661571,3190,12756,98,4901680,24924
2020-09-12,Sep,Georgia,2022,292905,2124,6287,41,2584257,25938
2020-09-12,Sep,Illinois,1768,262004,2121,8527,22,4691071,56594
2020-09-12,Sep,Maryland,224,115533,809,3836,8,2183941,33303
2020-09-12,Sep,Massachuttces,411,124540,554,9196,16,2968723,63370
2020-09-12,Sep,Michigan,707,123058,807,6911,11,3110610,37824
2020-09-12,Sep,Minniesota,463,83588,872,1958,9,1684520,19192
2020-09-12,Sep,Nevada,357,73220,414,1449,10,637902,4620
2020-09-12,Sep,New Jersey,483,196337,449,16021,4,3141235,449
2020-09-12,Sep,New York,856,443640,849,25384,2,9245625,102925
2020-09-12,Sep,North Carolina,598,183740,1454,3047,24,2581132,22478
2020-09-12,Sep,Pennsylvania,170,143805,920,7837,0,1807805,12892
2020-09-12,Sep,Texas,2168,657589,4233,14143,146,5519641,65600
2020-09-12,Sep,Utah,414,57247,572,433,2,712229,4422
2020-09-12,Sep,Virginia,477,132940,1300,2722,11,1744020,15910
2020-09-12,Sep,Washington,650,79476,465,1991,0,1631162,16414
2020-09-13,Sep,Arizona,471,208512,384,5322,7,1296137,9313
2020-09-13,Sep,California,2015,754923,4625,14329,78,12690016,133049
2020-09-13,Sep,Colorado,841,60907,415,1889,0,1111572,13587
2020-09-13,Sep,Florida,896,663994,2423,12764,8,4923930,22250
2020-09-13,Sep,Georgia,2227,294314,1409,6333,46,2602202,17945
2020-09-13,Sep,Illinois,1730,263466,1462,8541,14,4737961,46890
2020-09-13,Sep,Maryland,238,116110,577,3838,2,2207458,23517
2020-09-13,Sep,Massachuttces,485,124826,286,9210,14,3006158,37435
2020-09-13,Sep,Michigan,647,123058,0,6911,0,3110610,0
2020-09-13,Sep,Minniesota,482,84311,723,1971,13,1707514,22994
2020-09-13,Sep,Nevada,438,73537,317,1452,3,642075,4173
2020-09-13,Sep,New Jersey,513,196634,297,16026,5,3168530,27295
2020-09-13,Sep,New York,953,444365,725,25390,6,9318293,72668
2020-09-13,Sep,North Carolina,606,184936,1196,3052,5,2616108,34976
2020-09-13,Sep,Pennsylvania,276,143881,76,7837,0,1807881,76
2020-09-13,Sep,Texas,2240,659434,1845,14190,47,5550139,30498
2020-09-13,Sep,Utah,423,57875,628,433,0,716873,4644
2020-09-13,Sep,Virginia,498,133814,874,2724,2,1760096,16076
2020-09-13,Sep,Washington,631,79826,350,1991,0,1644585,13423
2020-09-14,Sep,Arizona,486,208725,213,5322,0,1300664,4527
2020-09-14,Sep,California,1939,757778,2855,14385,56,12806189,116173
2020-09-14,Sep,Colorado,834,61324,417,1889,0,1124181,12609
2020-09-14,Sep,Florida,891,665730,1736,12800,36,4941008,17078
2020-09-14,Sep,Georgia,2143,295337,1023,6353,20,2615247,13045
2020-09-14,Sep,Illinois,1730,264839,1373,8546,5,4773891,35930
2020-09-14,Sep,Maryland,248,116646,536,3839,1,2226655,19197
2020-09-14,Sep,Massachuttces,417,125080,254,9219,9,3038625,32467
2020-09-14,Sep,Michigan,703,124287,1229,6921,10,3162087,51477
2020-09-14,Sep,Minniesota,493,84949,638,1974,3,1724779,17265
2020-09-14,Sep,Nevada,418,73814,277,1456,4,644871,2796
2020-09-14,Sep,New Jersey,493,196968,334,16030,4,3189970,21440
2020-09-14,Sep,New York,908,444948,583,25394,4,9381651,63358
2020-09-14,Sep,North Carolina,621,185781,845,3060,8,2634819,18711
2020-09-14,Sep,Pennsylvania,309,145063,1182,7869,32,1829672,21791
2020-09-14,Sep,Texas,2178,663445,4011,14211,21,5213247,-336892
2020-09-14,Sep,Utah,442,58438,563,436,3,721682,4809
2020-09-14,Sep,Virginia,443,134571,757,2743,19,1773158,13062
2020-09-14,Sep,Washington,654,80138,312,2006,15,1653967,9382
2020-09-15,Sep,Arizona,456,209209,484,5344,22,1310315,9651
2020-09-15,Sep,California,1763,760013,2235,14451,66,12928170,121981
2020-09-15,Sep,Colorado,723,61699,375,1894,5,1134666,10485
2020-09-15,Sep,Florida,653,668846,3116,12946,146,4968847,27839
2020-09-15,Sep,Georgia,1947,296833,1496,6398,45,2629090,13843
2020-09-15,Sep,Illinois,1682,266305,1466,8564,18,4812922,39031
2020-09-15,Sep,Maryland,230,117245,599,3849,10,2245666,19011
2020-09-15,Sep,Massachuttces,365,125393,313,9225,6,3075812,37187
2020-09-15,Sep,Michigan,563,124969,682,6932,11,3187621,25534
2020-09-15,Sep,Minniesota,452,85351,402,1979,5,1733292,8513
2020-09-15,Sep,Nevada,317,74040,226,1482,26,646536,1665
2020-09-15,Sep,New Jersey,405,197404,436,16039,9,3212311,22341
2020-09-15,Sep,New York,821,445714,766,25405,11,9455329,73678
2020-09-15,Sep,North Carolina,583,186887,1106,3111,51,2652440,17621
2020-09-15,Sep,Pennsylvania,198,146214,1151,7875,6,1841498,11826
2020-09-15,Sep,Texas,1963,668746,5301,14343,132,5247542,34295
2020-09-15,Sep,Utah,439,59000,562,436,0,725612,3930
2020-09-15,Sep,Virginia,447,135514,943,2839,96,1785553,12395
2020-09-15,Sep,Washington,615,80465,327,2015,9,1665715,11748
2020-09-16,Sep,Arizona,397,209907,698,5371,27,1326272,15957
2020-09-16,Sep,California,1498,762963,2950,14615,164,13000522,72352
2020-09-16,Sep,Colorado,618,62099,400,1905,11,1143941,9275
2020-09-16,Sep,Florida,582,671201,2355,13100,154,4984023,15176
2020-09-16,Sep,Georgia,1807,299056,2223,6419,21,2654121,25031
2020-09-16,Sep,Illinois,1506,268246,1941,8599,35,4865233,52311
2020-09-16,Sep,Maryland,214,117888,643,3855,6,2272265,26599
2020-09-16,Sep,Massachuttces,303,125699,306,9245,20,3131714,55902
2020-09-16,Sep,Michigan,506,125742,773,6943,11,3218461,30840
2020-09-16,Sep,Minniesota,417,85813,462,1985,6,1743611,10319
2020-09-16,Sep,Nevada,259,74248,208,1494,12,649533,2997
2020-09-16,Sep,New Jersey,350,197792,388,16048,9,3234972,22661
2020-09-16,Sep,New York,742,446366,652,25410,5,9530416,75087
2020-09-16,Sep,North Carolina,570,188024,1137,3149,38,2683384,30944
2020-09-16,Sep,Pennsylvania,340,146990,776,7903,28,1855121,13623
2020-09-16,Sep,Texas,1873,674772,6026,14478,135,5299620,52078
2020-09-16,Sep,Utah,334,59747,747,437,1,729731,4119
2020-09-16,Sep,Virginia,414,136359,845,2884,45,1799851,14298
2020-09-16,Sep,Washington,662,80812,347,2020,5,1676702,10987
2020-09-17,Sep,Arizona,441,211660,1753,5409,38,1350116,23844
2020-09-17,Sep,California,1782,766201,3238,14721,106,13080037,79515
2020-09-17,Sep,Colorado,686,62686,587,1905,0,1153853,9912
2020-09-17,Sep,Florida,762,674456,3255,13247,147,5010973,26950
2020-09-17,Sep,Georgia,1911,300903,1847,6474,55,2679891,25770
2020-09-17,Sep,Illinois,1436,270302,2056,8624,25,4923033,57800
2020-09-17,Sep,Maryland,184,118519,631,3861,6,2299608,27343
2020-09-17,Sep,Massachuttces,354,126128,429,9260,15,3199563,67849
2020-09-17,Sep,Michigan,547,126722,980,6955,12,3251731,33270
2020-09-17,Sep,Minniesota,412,86722,909,1994,9,1763735,20124
2020-09-17,Sep,Nevada,408,74595,347,1506,12,652583,3050
2020-09-17,Sep,New Jersey,440,198361,569,16051,3,3265818,30846
2020-09-17,Sep,New York,859,447262,896,25413,3,9621920,91504
2020-09-17,Sep,North Carolina,482,189576,1552,3180,31,2714175,30791
2020-09-17,Sep,Pennsylvania,284,147923,933,7913,10,1869198,14077
2020-09-17,Sep,Texas,1906,678819,4047,14590,112,5345176,45556
2020-09-17,Sep,Utah,310,60658,911,437,0,735178,5447
2020-09-17,Sep,Virginia,373,137460,1101,2920,36,1822012,22161
2020-09-17,Sep,Washington,654,81198,386,2031,11,1691047,14345
2020-09-18,Sep,Arizona,477,212942,1282,5451,42,1358154,8038
2020-09-18,Sep,California,1874,769831,3630,14812,91,13177186,97149
2020-09-18,Sep,Colorado,730,63145,459,1911,6,1166910,13057
2020-09-18,Sep,Florida,752,677660,3204,13387,140,5038261,27288
2020-09-18,Sep,Georgia,2248,302737,1834,6537,63,2701952,22061
2020-09-18,Sep,Illinois,1784,272525,2223,8647,23,4985054,62021
2020-09-18,Sep,Maryland,193,119062,543,3869,8,2324252,24644
2020-09-18,Sep,Massachuttces,433,126582,454,9269,9,3264873,65310
2020-09-18,Sep,Michigan,576,127500,778,6954,0,3285030,33299
2020-09-18,Sep,Minniesota,417,87807,1085,2002,8,1791680,27945
2020-09-18,Sep,Nevada,434,75096,501,1524,18,656601,4018
2020-09-18,Sep,New Jersey,445,198848,487,16055,4,3291916,26098
2020-09-18,Sep,New York,806,448052,790,25423,10,9711647,89727
2020-09-18,Sep,North Carolina,498,191019,1443,3207,27,2749020,34845
2020-09-18,Sep,Pennsylvania,303,148683,760,7934,21,1881488,12290
2020-09-18,Sep,Texas,1947,682241,3422,14713,123,5444801,99625
2020-09-18,Sep,Utah,369,61775,1117,437,0,743737,8559
2020-09-18,Sep,Virginia,377,138702,1242,2949,29,1831623,9611
2020-09-18,Sep,Washington,684,81602,404,2037,6,1704670,13623
2020-09-19,Sep,Arizona,447,213551,609,5467,16,1368906,10752
2020-09-19,Sep,California,1854,774135,4304,14912,100,13343886,166700
2020-09-19,Sep,Colorado,762,63750,605,1913,2,1181829,14919
2020-09-19,Sep,Florida,829,681233,3573,13450,63,5068554,30293
2020-09-19,Sep,Georgia,2010,305021,2284,6599,62,2735389,33437
2020-09-19,Sep,Illinois,1791,275054,2529,8672,25,5059340,74286
2020-09-19,Sep,Maryland,219,119744,682,3876,7,2361383,37131
2020-09-19,Sep,Massachuttces,385,127181,599,9295,26,3337292,72419
2020-09-19,Sep,Michigan,606,128087,587,6969,15,3318469,33439
2020-09-19,Sep,Minniesota,442,88721,914,2015,13,1815774,24094
2020-09-19,Sep,Nevada,355,75419,323,1528,4,660686,4085
2020-09-19,Sep,New Jersey,511,199309,461,16058,3,3292377,461
2020-09-19,Sep,New York,821,449038,986,25425,2,9822091,110444
2020-09-19,Sep,North Carolina,603,192248,1229,3235,28,2771020,22000
2020-09-19,Sep,Pennsylvania,170,149845,1162,7956,22,1896125,14637
2020-09-19,Sep,Texas,2165,686068,3827,14848,135,5563176,118375
2020-09-19,Sep,Utah,400,62852,1077,440,3,751950,8213
2020-09-19,Sep,Virginia,478,139655,953,2990,41,1866666,35043
2020-09-19,Sep,Washington,725,81602,0,2037,0,1704670,0
2020-09-20,Sep,Arizona,477,214018,467,5476,9,1379607,10701
2020-09-20,Sep,California,1980,778400,4265,14987,75,13523158,179272
2020-09-20,Sep,Colorado,828,64356,606,1913,0,1195379,13550
2020-09-20,Sep,Florida,980,683754,2521,13459,9,5095089,26535
2020-09-20,Sep,Georgia,2308,306155,1134,6602,3,2750822,15433
2020-09-20,Sep,Illinois,1875,276456,1402,8686,14,5107351,48011
2020-09-20,Sep,Maryland,243,120156,412,3879,3,2390269,28886
2020-09-20,Sep,Massachuttces,443,127540,359,9310,15,3399512,62220
2020-09-20,Sep,Michigan,659,128087,0,6969,0,3318469,0
2020-09-20,Sep,Minniesota,483,90017,1296,2017,2,1838392,22618
2020-09-20,Sep,Nevada,451,75804,385,1531,3,665184,4498
2020-09-20,Sep,New Jersey,529,199762,453,16061,3,3352791,60414
2020-09-20,Sep,New York,999,449900,862,25427,2,9922446,100355
2020-09-20,Sep,North Carolina,617,193581,1333,3243,8,2804818,33798
2020-09-20,Sep,Pennsylvania,306,150578,733,7981,25,1908910,12785
2020-09-20,Sep,Texas,2234,688534,2466,14893,45,5593488,30312
2020-09-20,Sep,Utah,422,63772,920,440,0,758165,6215
2020-09-20,Sep,Virginia,497,140511,856,3015,25,1882028,15362
2020-09-20,Sep,Washington,680,82199,597,2037,0,1723040,18370
2020-09-21,Sep,Arizona,489,214251,233,5478,2,1386627,7020
2020-09-21,Sep,California,1847,781694,3294,15018,31,13672782,149624
2020-09-21,Sep,Colorado,856,64857,501,1913,0,1208425,13046
2020-09-21,Sep,Florida,873,685439,1685,13480,21,5113260,18171
2020-09-21,Sep,Georgia,2093,307339,1184,6604,2,2770863,20041
2020-09-21,Sep,Illinois,1639,277933,1477,8693,7,5145585,38234
2020-09-21,Sep,Maryland,252,120568,412,3883,4,2407618,17349
2020-09-21,Sep,Massachuttces,398,127796,256,9317,7,3436161,36649
2020-09-21,Sep,Michigan,706,129662,1575,6981,12,3370667,52198
2020-09-21,Sep,Minniesota,478,90942,925,2021,4,1855308,16916
2020-09-21,Sep,Nevada,423,76036,232,1531,0,666792,1608
2020-09-21,Sep,New Jersey,520,200154,392,16063,2,3353183,392
2020-09-21,Sep,New York,888,450473,573,25428,1,9980765,58319
2020-09-21,Sep,North Carolina,626,194381,800,3247,4,2817539,12721
2020-09-21,Sep,Pennsylvania,396,150812,234,8004,23,1917993,9083
2020-09-21,Sep,Texas,2181,698387,9853,14917,24,5622498,29010
2020-09-21,Sep,Utah,434,64394,622,441,1,762051,3886
2020-09-21,Sep,Virginia,465,141138,627,3021,6,1898637,16609
2020-09-21,Sep,Washington,718,82548,349,2037,0,1736556,13516
2020-09-22,Sep,Arizona,101,214846,595,5498,20,1396418,9791
2020-09-22,Sep,California,593,784324,2630,15071,53,13804055,131273
2020-09-22,Sep,Colorado,238,65399,542,1914,1,1219137,10712
2020-09-22,Sep,Florida,202,687909,2470,13579,99,5132342,19082
2020-09-22,Sep,Georgia,606,308221,882,6677,73,2783427,12564
2020-09-22,Sep,Illinois,611,279464,1531,8722,29,5187414,41829
2020-09-22,Sep,Maryland,63,120912,344,3895,12,2422067,14449
2020-09-22,Sep,Massachuttces,100,127969,173,9328,11,3476679,40518
2020-09-22,Sep,Michigan,160,130357,695,6997,16,3390878,20211
2020-09-22,Sep,Minniesota,122,91422,480,2031,10,1863694,8386
2020-09-22,Sep,Nevada,54,76298,262,1546,15,669074,2282
2020-09-22,Sep,New Jersey,147,200580,426,16070,7,3397649,44466
2020-09-22,Sep,New York,343,451227,754,25432,4,10064762,83997
2020-09-22,Sep,North Carolina,190,195549,1168,3286,39,2824929,7390
2020-09-22,Sep,Pennsylvania,52,151646,834,8023,19,1929562,11569
2020-09-22,Sep,Texas,652,716207,17820,14994,77,5667732,45234
2020-09-22,Sep,Utah,92,65044,650,443,2,768959,6908
2020-09-22,Sep,Virginia,115,142010,872,3060,39,1911580,12943
2020-09-22,Sep,Washington,320,83193,645,2070,33,1740899,4343
2020-09-23,Sep,Arizona,258,215284,438,5525,27,1405502,9084
2020-09-23,Sep,California,1276,787470,3146,15204,133,13879423,75368
2020-09-23,Sep,Colorado,778,66053,654,1926,12,1232288,13151
2020-09-23,Sep,Florida,455,690499,2590,13782,203,5155980,23638
2020-09-23,Sep,Georgia,626,309678,1457,6773,96,2803215,19788
2020-09-23,Sep,Illinois,1107,281312,1848,8744,22,5233805,46391
2020-09-23,Sep,Maryland,202,121297,385,3902,7,2441225,19158
2020-09-23,Sep,Massachuttces,337,128512,543,9347,19,3557548,80869
2020-09-23,Sep,Michigan,495,131259,902,7013,16,3425107,34229
2020-09-23,Sep,Minniesota,193,92100,678,2037,6,1873867,10173
2020-09-23,Sep,Nevada,208,76807,509,1556,10,671924,2850
2020-09-23,Sep,New Jersey,192,200988,408,16078,8,3422747,25098
2020-09-23,Sep,New York,432,451892,665,25437,5,10135692,70930
2020-09-23,Sep,North Carolina,227,196501,952,3316,30,2842427,17498
2020-09-23,Sep,Pennsylvania,140,152544,898,8062,39,1942956,13394
2020-09-23,Sep,Texas,1041,719599,3392,15129,135,5740674,72942
2020-09-23,Sep,Utah,228,65921,877,444,1,775858,6899
2020-09-23,Sep,Virginia,82,142590,580,3089,29,1922606,11026
2020-09-23,Sep,Washington,704,83193,0,2070,0,1740899,0
2020-09-24,Sep,Arizona,505,215852,568,5559,34,1415991,10489
2020-09-24,Sep,California,1904,790640,3170,15314,110,13952857,73434
2020-09-24,Sep,Colorado,875,66669,616,1926,0,1245745,13457
2020-09-24,Sep,Florida,1015,693040,2541,13961,179,5179499,23519
2020-09-24,Sep,Georgia,2023,311046,1368,6822,49,2824816,21601
2020-09-24,Sep,Illinois,1782,283569,2257,8774,30,5295876,62071
2020-09-24,Sep,Maryland,254,121800,503,3909,7,2464927,23702
2020-09-24,Sep,Massachuttces,445,128993,481,9362,15,3642716,85168
2020-09-24,Sep,Michigan,703,132337,1078,7019,6,3462824,37717
2020-09-24,Sep,Minniesota,491,93012,912,2040,3,1895302,21435
2020-09-24,Sep,Nevada,446,77197,390,1564,8,675488,3564
2020-09-24,Sep,New Jersey,552,201552,564,16087,9,3451804,29057
2020-09-24,Sep,New York,970,452847,955,25439,2,10228645,92953
2020-09-24,Sep,North Carolina,622,198189,1688,3356,40,2870191,27764
2020-09-24,Sep,Pennsylvania,343,153397,853,8079,17,1956867,13911
2020-09-24,Sep,Texas,2319,723919,4320,15267,138,5860833,120159
2020-09-24,Sep,Utah,451,67119,1198,444,0,784975,9117
2020-09-24,Sep,Virginia,484,143492,902,3113,24,1952965,30359
2020-09-24,Sep,Washington,715,83702,509,2081,11,1743296,2397
2020-09-25,Sep,Arizona,505,216367,515,5587,28,1423603,7612
2020-09-25,Sep,California,1929,794040,3400,15398,84,14052247,99390
2020-09-25,Sep,Colorado,878,67217,548,1935,9,1260861,15116
2020-09-25,Sep,Florida,1017,695887,2847,14083,122,5205994,26495
2020-09-25,Sep,Georgia,2349,312514,1468,6874,52,2847494,22678
2020-09-25,Sep,Illinois,1972,286374,2805,8807,33,5365960,70084
2020-09-25,Sep,Maryland,247,122359,559,3917,8,2494019,29092
2020-09-25,Sep,Massachuttces,455,129481,488,9373,11,3706728,64012
2020-09-25,Sep,Michigan,666,133377,1040,7027,8,3502312,39488
2020-09-25,Sep,Minniesota,490,94189,1177,2046,6,1924020,28718
2020-09-25,Sep,Nevada,452,77753,556,1573,9,681336,5848
2020-09-25,Sep,New Jersey,538,202100,548,16093,6,3478711,26907
2020-09-25,Sep,New York,925,453755,908,25446,7,10323463,94818
2020-09-25,Sep,North Carolina,625,204331,6142,3409,53,2907617,37426
2020-09-25,Sep,Pennsylvania,376,154203,806,8081,2,1970600,13733
2020-09-25,Sep,Texas,2281,728552,4633,15364,97,5913449,52616
2020-09-25,Sep,Utah,453,68530,1411,448,4,795217,10242
2020-09-25,Sep,Virginia,469,144433,941,3136,23,1973499,20534
2020-09-25,Sep,Washington,728,84238,536,2080,0,1783279,39983
2020-09-26,Sep,Arizona,450,216826,459,5622,35,1434227,10624
2020-09-26,Sep,California,1803,798237,4197,15532,134,14182730,130483
2020-09-26,Sep,Colorado,780,67926,709,1940,5,1277613,16752
2020-09-26,Sep,Florida,845,698682,2795,14190,107,5235007,29013
2020-09-26,Sep,Georgia,2020,313873,1359,6914,40,2872355,24861
2020-09-26,Sep,Illinois,1829,288815,2441,8832,25,5431177,65217
2020-09-26,Sep,Maryland,228,122972,613,3925,8,2525658,31639
2020-09-26,Sep,Massachuttces,397,130050,569,9391,18,3780020,73292
2020-09-26,Sep,Michigan,713,134373,996,7044,17,3543057,40745
2020-09-26,Sep,Minniesota,453,95659,1470,2056,10,1954715,30695
2020-09-26,Sep,Nevada,350,78355,602,1582,9,685678,4342
2020-09-26,Sep,New Jersey,502,202850,750,16099,6,3512568,33857
2020-09-26,Sep,New York,885,454760,1005,25450,4,10423416,99953
2020-09-26,Sep,North Carolina,603,206090,1759,3440,31,2947803,40186
2020-09-26,Sep,Pennsylvania,180,155232,1029,8103,22,1985524,14924
2020-09-26,Sep,Texas,2191,733438,4886,15485,121,5994813,81364
2020-09-26,Sep,Utah,427,69547,1017,448,0,805079,9862
2020-09-26,Sep,Virginia,479,145408,975,3144,8,1993344,19845
2020-09-26,Sep,Washington,685,85226,988,2100,20,1801021,17742
2020-09-27,Sep,Arizona,423,217237,411,5623,1,1443323,9096
2020-09-27,Sep,California,1720,802308,4071,15587,55,14333498,150768
2020-09-27,Sep,Colorado,749,68510,584,1940,0,1295655,18042
2020-09-27,Sep,Florida,893,700564,1882,14202,12,5253441,18434
2020-09-27,Sep,Georgia,2019,314685,812,6946,32,2886269,13914
2020-09-27,Sep,Illinois,1522,290419,1604,8845,13,5481999,50822
2020-09-27,Sep,Maryland,205,123403,431,3935,10,2555705,30047
2020-09-27,Sep,Massachuttces,405,130642,592,9404,13,3881846,101826
2020-09-27,Sep,Michigan,586,134373,0,7044,0,3543057,0
2020-09-27,Sep,Minniesota,461,96734,1075,2060,4,1981100,26385
2020-09-27,Sep,Nevada,365,78728,373,1585,3,688956,3278
2020-09-27,Sep,New Jersey,443,203548,698,16105,6,3513266,698
2020-09-27,Sep,New York,791,455626,866,25456,6,10508186,84770
2020-09-27,Sep,North Carolina,546,207380,1290,3441,1,2978728,30925
2020-09-27,Sep,Pennsylvania,289,156150,918,8106,3,2001220,15696
2020-09-27,Sep,Texas,1796,735132,1694,15522,37,6016907,22094
2020-09-27,Sep,Utah,372,70615,1068,453,5,811249,6170
2020-09-27,Sep,Virginia,439,146144,736,3159,15,2003129,9785
2020-09-27,Sep,Washington,585,85830,604,2100,0,1820623,19602
2020-09-28,Sep,Arizona,169,217510,273,5623,0,1448712,5389
2020-09-28,Sep,California,611,805263,2955,15608,21,14484852,151354
2020-09-28,Sep,Colorado,363,69079,569,1940,0,1313403,17748
2020-09-28,Sep,Florida,352,701302,738,14207,5,5261672,8231
2020-09-28,Sep,Georgia,947,315281,596,6961,15,2898498,12229
2020-09-28,Sep,Illinois,849,292128,1709,8858,13,5523141,41142
2020-09-28,Sep,Maryland,99,123880,477,3938,3,2573607,17902
2020-09-28,Sep,Massachuttces,143,131072,430,9415,11,3931219,49373
2020-09-28,Sep,Michigan,286,135702,1329,7051,7,3593990,50933
2020-09-28,Sep,Minniesota,183,97638,904,2067,7,2003115,22015
2020-09-28,Sep,Nevada,91,79191,463,1585,0,692673,3717
2020-09-28,Sep,New Jersey,221,204107,559,16103,0,3566304,53038
2020-09-28,Sep,New York,377,456460,834,25468,12,10561122,52936
2020-09-28,Sep,North Carolina,308,208248,868,3445,4,3004533,25805
2020-09-28,Sep,Pennsylvania,129,156826,676,8107,1,2012317,11097
2020-09-28,Sep,Texas,915,739743,4611,15533,11,6171755,154848
2020-09-28,Sep,Utah,161,71442,827,453,0,817461,6212
2020-09-28,Sep,Virginia,168,146593,449,3172,13,2027168,24039
2020-09-28,Sep,Washington,295,86269,439,2100,0,1837206,16583
2020-09-29,Sep,Arizona,459,218184,674,5632,9,1453528,4816
2020-09-29,Sep,California,1694,807425,2162,15640,32,14613545,128693
2020-09-29,Sep,Colorado,747,69490,411,1945,5,1326642,13239
2020-09-29,Sep,Florida,652,704568,3266,14313,106,5290116,28444
2020-09-29,Sep,Georgia,1987,316306,1025,6994,33,2910833,12335
2020-09-29,Sep,Illinois,1695,293490,1362,8881,23,5568765,45624
2020-09-29,Sep,Maryland,214,124311,431,3946,8,2588690,15083
2020-09-29,Sep,Massachuttces,364,131584,512,9423,8,3988224,57005
2020-09-29,Sep,Michigan,567,136820,1118,7072,21,3618084,24094
2020-09-29,Sep,Minniesota,447,98447,809,2072,5,2017350,14235
2020-09-29,Sep,Nevada,315,79595,404,1593,8,695720,3047
2020-09-29,Sep,New Jersey,405,204563,456,16113,10,3566760,456
2020-09-29,Sep,New York,790,457649,1189,25470,2,10649353,88231
2020-09-29,Sep,North Carolina,548,209137,889,3494,49,3019586,15053
2020-09-29,Sep,Pennsylvania,196,157814,988,8123,16,2024575,12258
2020-09-29,Sep,Texas,2008,743284,3541,15604,71,6200826,29071
2020-09-29,Sep,Utah,424,72136,694,457,4,821864,4403
2020-09-29,Sep,Virginia,447,147516,923,3187,15,2039510,12342
2020-09-29,Sep,Washington,681,86638,369,2100,0,1848463,11257
2020-09-30,Sep,Arizona,467,218507,323,5650,18,1457575,4047
2020-09-30,Sep,California,1729,810625,3200,15792,152,14705202,91657
2020-09-30,Sep,Colorado,775,70025,535,1952,7,1341180,14538
2020-09-30,Sep,Florida,700,706516,1948,14488,175,5301184,11068
2020-09-30,Sep,Georgia,1965,318026,1720,7021,27,2933679,22846
2020-09-30,Sep,Illinois,1647,295763,2273,8916,35,5627311,58546
2020-09-30,Sep,Maryland,235,124725,414,3949,3,2605913,17223
2020-09-30,Sep,Massachuttces,367,132116,532,9456,33,4050617,62393
2020-09-30,Sep,Michigan,601,138014,1194,7083,11,3647862,29778
2020-09-30,Sep,Minniesota,442,99134,687,2089,17,2030167,12817
2020-09-30,Sep,Nevada,321,79980,385,1600,7,698096,2376
2020-09-30,Sep,New Jersey,434,205275,712,16122,9,3613032,46272
2020-09-30,Sep,New York,808,458649,1000,25479,9,10747313,97960
2020-09-30,Sep,North Carolina,602,210632,1495,3532,38,3034871,15285
2020-09-30,Sep,Pennsylvania,379,158967,1153,8142,19,2038094,13519
2020-09-30,Sep,Texas,2146,748967,5683,15711,107,6237157,36331
2020-09-30,Sep,Utah,435,73042,906,459,2,829970,8106
2020-09-30,Sep,Virginia,458,148271,755,3208,21,2049988,10478
2020-09-30,Sep,Washington,709,87042,404,2124,24,1854399,5936
2020-10-01,Oct,Arizona,513,219212,705,5674,24,1471368,13793
2020-10-01,Oct,California,1847,813687,3062,15888,96,14771851,66649
2020-10-01,Oct,Colorado,917,70536,511,1960,8,1357159,15979
2020-10-01,Oct,Florida,1021,709144,2628,14619,131,5325835,24651
2020-10-01,Oct,Georgia,2247,319334,1308,7063,42,2954392,20713
2020-10-01,Oct,Illinois,1797,297929,2166,8940,24,5692926,65615
2020-10-01,Oct,Maryland,255,125510,785,3949,0,2629898,23985
2020-10-01,Oct,Massachuttces,524,132870,754,9480,24,4125104,74487
2020-10-01,Oct,Michigan,732,139012,998,7102,19,3683581,35719
2020-10-01,Oct,Minniesota,515,100200,1066,2102,13,2055888,25721
2020-10-01,Oct,Nevada,482,80410,430,1603,3,701557,3461
2020-10-01,Oct,New Jersey,566,205889,614,16127,5,3613646,614
2020-10-01,Oct,New York,1047,460031,1382,25490,11,10856531,109218
2020-10-01,Oct,North Carolina,618,212909,2277,3579,47,3063661,28790
2020-10-01,Oct,Pennsylvania,344,160123,1156,8160,18,2049762,11668
2020-10-01,Oct,Texas,2238,752501,3534,15823,112,6282329,45172
2020-10-01,Oct,Utah,469,74050,1008,459,0,836218,6248
2020-10-01,Oct,Virginia,488,148721,450,3228,20,2074236,24248
2020-10-01,Oct,Washington,708,87522,480,2126,2,1868089,13690
2020-10-02,Oct,Arizona,533,219763,551,5693,19,1478504,7136
2020-10-02,Oct,California,1976,817277,3590,15986,98,14868431,96580
2020-10-02,Oct,Colorado,975,71218,682,1962,2,1376920,19761
2020-10-02,Oct,Florida,1036,711804,2660,14730,111,5351521,25686
2020-10-02,Oct,Georgia,2310,320634,1300,7106,43,2970013,15621
2020-10-02,Oct,Illinois,2099,300385,2456,8992,52,5765867,72941
2020-10-02,Oct,Maryland,260,126222,712,3950,1,2660800,30902
2020-10-02,Oct,Massachuttces,527,133631,761,9490,10,4200018,74914
2020-10-02,Oct,Michigan,686,139996,984,7110,8,3723748,40167
2020-10-02,Oct,Minniesota,520,101366,1166,2112,10,2086963,31075
2020-10-02,Oct,Nevada,501,81182,772,1609,6,706635,5078
2020-10-02,Oct,New Jersey,605,206629,740,16131,4,3672127,58481
2020-10-02,Oct,New York,1043,461629,1598,25497,7,10976024,119493
2020-10-02,Oct,North Carolina,642,214684,1775,3608,29,3099704,36043
2020-10-02,Oct,Pennsylvania,408,161284,1161,8179,19,2066255,16493
2020-10-02,Oct,Texas,2301,756004,3503,15895,72,6368742,86413
2020-10-02,Oct,Utah,473,75157,1107,474,15,845583,9365
2020-10-02,Oct,Virginia,454,149687,966,3250,22,2094361,20125
2020-10-02,Oct,Washington,773,88116,594,2132,6,1884074,15985
2020-10-03,Oct,Arizona,455,220399,636,5705,12,1488145,9641
2020-10-03,Oct,California,1825,819436,2159,16074,88,14998888,130457
2020-10-03,Oct,Colorado,844,71898,680,1968,6,1396346,19426
2020-10-03,Oct,Florida,975,714591,2787,14803,73,5376459,24938
2020-10-03,Oct,Georgia,2211,322078,1444,7134,28,3001381,31368
2020-10-03,Oct,Illinois,1785,302827,2442,9023,31,5837501,71634
2020-10-03,Oct,Maryland,226,126819,597,3957,7,2688866,28066
2020-10-03,Oct,Massachuttces,423,134303,672,9507,17,4265786,65768
2020-10-03,Oct,Michigan,715,141271,1275,7124,14,3764274,40526
2020-10-03,Oct,Minniesota,476,102787,1421,2126,14,2116038,29075
2020-10-03,Oct,Nevada,396,81708,526,1620,11,710210,3575
2020-10-03,Oct,New Jersey,512,207576,947,16135,4,3673074,947
2020-10-03,Oct,New York,953,463360,1731,25505,8,11110291,134267
2020-10-03,Oct,North Carolina,609,216886,2202,3629,21,3136266,36562
2020-10-03,Oct,Pennsylvania,177,161284,0,8199,20,2066255,0
2020-10-03,Oct,Texas,2186,763010,7006,15992,97,6472939,104197
2020-10-03,Oct,Utah,432,76225,1068,476,2,852680,7097
2020-10-03,Oct,Virginia,494,150803,1116,3270,20,2113878,19517
2020-10-03,Oct,Washington,744,88810,694,2143,11,1905759,21685
2020-10-04,Oct,Arizona,497,220754,355,5706,1,1496131,7986
2020-10-04,Oct,California,2033,823729,4293,16120,46,15160287,161399
2020-10-04,Oct,Colorado,943,72555,657,1968,0,1414336,17990
2020-10-04,Oct,Florida,1024,716459,1868,14845,42,5396874,20415
2020-10-04,Oct,Georgia,2418,322925,847,7162,28,3018618,17237
2020-10-04,Oct,Illinois,2050,304280,1453,9040,17,5889157,51656
2020-10-04,Oct,Maryland,233,127290,471,3958,1,2715230,26364
2020-10-04,Oct,Massachuttces,526,134947,644,9510,3,4334501,68715
2020-10-04,Oct,Michigan,693,141271,0,7124,0,3764274,0
2020-10-04,Oct,Minniesota,520,103826,1039,2133,7,2146411,30373
2020-10-04,Oct,Nevada,505,82100,392,1623,3,713389,3179
2020-10-04,Oct,New Jersey,614,208202,626,16136,1,3734094,61020
2020-10-04,Oct,New York,1044,464582,1222,25519,14,11220620,110329
2020-10-04,Oct,North Carolina,632,217496,610,3634,5,3160968,24702
2020-10-04,Oct,Pennsylvania,297,163535,2251,8216,17,2095170,28915
2020-10-04,Oct,Texas,2296,765894,2884,16025,33,6537885,64946
2020-10-04,Oct,Utah,446,77618,1393,478,2,860894,8214
2020-10-04,Oct,Virginia,526,151870,1067,3273,3,2113878,0
2020-10-04,Oct,Washington,731,89419,609,2142,0,1922956,17197
2020-10-05,Oct,Arizona,510,221070,316,5707,1,1502873,6742
2020-10-05,Oct,California,1819,826784,3055,16149,29,15301681,141394
2020-10-05,Oct,Colorado,903,73076,521,1968,0,1430540,16204
2020-10-05,Oct,Florida,999,717874,1415,14886,41,5412683,15809
2020-10-05,Oct,Georgia,2253,323714,789,7192,30,3032757,14139
2020-10-05,Oct,Illinois,1841,306133,1853,9054,14,5927695,38538
2020-10-05,Oct,Maryland,239,127791,501,3961,3,2734800,19570
2020-10-05,Oct,Massachuttces,473,135462,515,9530,20,4371050,36549
2020-10-05,Oct,Michigan,686,142726,1455,7139,15,3818827,54553
2020-10-05,Oct,Minniesota,503,104799,973,2136,3,2169786,23375
2020-10-05,Oct,Nevada,481,82437,337,1623,0,716564,3175
2020-10-05,Oct,New Jersey,574,208713,511,16138,2,3758058,23964
2020-10-05,Oct,New York,988,465515,933,25527,8,11297024,76404
2020-10-05,Oct,North Carolina,631,219754,2258,3637,3,3193916,32948
2020-10-05,Oct,Pennsylvania,414,164207,672,8227,11,2105159,9989
2020-10-05,Oct,Texas,2292,769303,3409,16033,8,6571677,33792
2020-10-05,Oct,Utah,456,78723,1105,482,4,866180,5286
2020-10-05,Oct,Virginia,435,152557,687,3276,3,2139991,26113
2020-10-05,Oct,Washington,713,89874,455,2142,0,1935899,12943
2020-10-06,Oct,Arizona,476,221934,864,5713,6,1511427,8554
2020-10-06,Oct,California,1716,828461,1677,16177,28,15430421,128740
2020-10-06,Oct,Colorado,777,73537,461,1968,0,1444262,13722
2020-10-06,Oct,Florida,702,720125,2251,14945,59,5433578,20895
2020-10-06,Oct,Georgia,2122,324650,936,7229,37,3044792,12035
2020-10-06,Oct,Illinois,1451,307750,1617,9085,31,5977208,49513
2020-10-06,Oct,Maryland,223,128204,413,3967,6,2752546,17746
2020-10-06,Oct,Massachuttces,390,135957,495,9538,8,4416428,45378
2020-10-06,Oct,Michigan,604,143878,1152,7161,22,3844962,26135
2020-10-06,Oct,Minniesota,467,105740,941,2140,4,2182970,13184
2020-10-06,Oct,Nevada,329,82916,479,1629,6,718732,2168
2020-10-06,Oct,New Jersey,489,209342,629,16147,9,3758687,629
2020-10-06,Oct,New York,807,466908,1393,25536,9,11393383,96359
2020-10-06,Oct,North Carolina,597,221258,1504,3670,33,3216686,22770
2020-10-06,Oct,Pennsylvania,202,165243,1036,8244,17,2117235,12076
2020-10-06,Oct,Texas,1965,773435,4132,16111,78,6636248,64571
2020-10-06,Oct,Utah,440,79439,716,488,6,875601,9421
2020-10-06,Oct,Virginia,371,153182,625,3291,15,2154168,14177
2020-10-06,Oct,Washington,667,90276,402,2158,16,1951407,15508
2020-10-07,Oct,Arizona,491,222538,604,5733,20,1518694,7267
2020-10-07,Oct,California,1798,831225,2764,16228,51,15556706,126285
2020-10-07,Oct,Colorado,880,74191,654,1983,15,1459332,15070
2020-10-07,Oct,Florida,795,722707,2582,15084,139,5459711,26133
2020-10-07,Oct,Georgia,2047,326142,1492,7259,30,3058187,13395
2020-10-07,Oct,Illinois,1191,310380,2630,9127,42,6036028,58820
2020-10-07,Oct,Maryland,226,128664,460,3973,6,2773280,20734
2020-10-07,Oct,Massachuttces,379,136492,535,9557,19,4478131,61703
2020-10-07,Oct,Michigan,559,145092,1214,7169,8,3879635,34673
2020-10-07,Oct,Minniesota,454,106651,911,2154,14,2195882,12912
2020-10-07,Oct,Nevada,365,83347,431,1636,7,720509,1777
2020-10-07,Oct,New Jersey,491,209850,508,16152,5,3781810,23123
2020-10-07,Oct,New York,848,468268,1360,25545,9,11501629,108246
2020-10-07,Oct,North Carolina,538,222969,1711,3693,23,3235273,18587
2020-10-07,Oct,Pennsylvania,379,166552,1309,8272,28,2134094,16859
2020-10-07,Oct,Texas,2207,777556,4121,16230,119,6664440,28192
2020-10-07,Oct,Utah,432,80446,1007,496,8,881440,5839
2020-10-07,Oct,Virginia,390,153691,509,3303,12,2170313,16145
2020-10-07,Oct,Washington,702,90663,387,2165,7,1961067,9660
2020-10-08,Oct,Arizona,549,223401,863,5743,10,1531095,12401
2020-10-08,Oct,California,1917,834800,3575,16361,133,15623623,66917
2020-10-08,Oct,Colorado,995,74922,731,1990,7,1477301,17969
2020-10-08,Oct,Florida,1136,726013,3306,15254,170,5489758,30047
2020-10-08,Oct,Georgia,2326,327407,1265,7294,35,3083121,24934
2020-10-08,Oct,Illinois,1741,313439,3059,9159,32,6108519,72491
2020-10-08,Oct,Maryland,269,129425,761,3979,6,2802303,29023
2020-10-08,Oct,Massachuttces,524,136936,444,9565,8,4541516,63385
2020-10-08,Oct,Michigan,757,146493,1401,7193,24,3921840,42205
2020-10-08,Oct,Minniesota,518,107922,1271,2160,6,2224194,28312
2020-10-08,Oct,Nevada,518,83827,480,1649,13,724198,3689
2020-10-08,Oct,New Jersey,628,211148,1298,16160,8,3842667,60857
2020-10-08,Oct,New York,1028,470104,1836,25555,10,11647440,145811
2020-10-08,Oct,North Carolina,650,225397,2428,3722,29,3268955,33682
2020-10-08,Oct,Pennsylvania,368,167928,1376,8299,27,2153031,18937
2020-10-08,Oct,Texas,2370,781794,4238,16334,104,6703106,38666
2020-10-08,Oct,Utah,480,81947,1501,501,5,892022,10582
2020-10-08,Oct,Virginia,529,155535,1844,3328,25,2189792,19479
2020-10-08,Oct,Washington,710,91208,545,2177,12,1987477,26410
2020-10-09,Oct,Arizona,549,224084,683,5746,3,1543445,12350
2020-10-09,Oct,California,2031,838606,3806,16428,67,15736497,112874
2020-10-09,Oct,Colorado,998,75785,863,1997,7,1496198,18897
2020-10-09,Oct,Florida,1157,728921,2908,15372,118,5518162,28404
2020-10-09,Oct,Georgia,2430,329032,1625,7348,54,3112629,29508
2020-10-09,Oct,Illinois,2002,316556,3117,9191,32,6180417,71898
2020-10-09,Oct,Maryland,267,130159,734,3990,11,2829423,27120
2020-10-09,Oct,Massachuttces,547,137701,765,9577,12,4601434,59918
2020-10-09,Oct,Michigan,715,147816,1323,7200,7,3965016,43176
2020-10-09,Oct,Minniesota,516,109312,1390,2174,14,2256165,31971
2020-10-09,Oct,Nevada,529,84593,766,1657,8,730234,6036
2020-10-09,Oct,New Jersey,628,212013,865,16164,4,3878988,36321
2020-10-09,Oct,New York,1012,471696,1592,25561,6,11786740,139300
2020-10-09,Oct,North Carolina,655,227431,2034,3747,25,3311285,42330
2020-10-09,Oct,Pennsylvania,413,169308,1380,8308,9,2169073,16042
2020-10-09,Oct,Texas,2423,785830,4036,16432,98,6746030,42924
2020-10-09,Oct,Utah,478,83290,1343,505,4,901048,9026
2020-10-09,Oct,Virginia,463,156649,1114,3344,16,2219510,29718
2020-10-09,Oct,Washington,748,91918,710,2183,6,2016471,28994
2020-10-10,Oct,Arizona,486,224978,894,5759,13,1556015,12570
2020-10-10,Oct,California,1832,842776,4170,16500,72,15878445,141948
2020-10-10,Oct,Colorado,870,76619,834,1998,1,1518454,22256
2020-10-10,Oct,Florida,1079,728921,0,15372,0,5518162,0
2020-10-10,Oct,Georgia,2145,330269,1237,7393,45,3132559,19930
2020-10-10,Oct,Illinois,1538,319461,2905,9221,30,6246673,66256
2020-10-10,Oct,Maryland,231,130795,636,3995,5,2863083,33660
2020-10-10,Oct,Massachuttces,436,138340,639,9587,10,4670758,69324
2020-10-10,Oct,Michigan,705,149464,1648,7219,19,4010309,45293
2020-10-10,Oct,Minniesota,467,110828,1516,2184,10,2288662,32497
2020-10-10,Oct,Nevada,404,85399,806,1659,2,734943,4709
2020-10-10,Oct,New Jersey,529,212877,864,16171,7,3914021,35033
2020-10-10,Oct,New York,917,473143,1447,25569,8,11921319,134579
2020-10-10,Oct,North Carolina,625,229752,2321,3765,18,3350815,39530
2020-10-10,Oct,Pennsylvania,194,171050,1742,8344,36,2190490,21417
2020-10-10,Oct,Texas,2207,790060,4230,16526,94,6830631,84601
2020-10-10,Oct,Utah,433,84644,1354,510,5,912894,11846
2020-10-10,Oct,Virginia,502,157905,1256,3354,10,2238204,18694
2020-10-10,Oct,Washington,678,92560,642,2190,7,2037946,21475
2020-10-11,Oct,Arizona,529,225575,597,5759,0,1566165,10150
2020-10-11,Oct,California,2074,846579,3803,16564,64,16047004,168559
2020-10-11,Oct,Colorado,938,77642,1023,1998,0,1541162,22708
2020-10-11,Oct,Florida,1142,734491,5570,15552,180,5550531,32369
2020-10-11,Oct,Georgia,2409,331409,1140,7416,23,3151039,18480
2020-10-11,Oct,Illinois,2033,322188,2727,9230,9,6310720,64047
2020-10-11,Oct,Maryland,253,131357,562,3999,4,2892265,29182
2020-10-11,Oct,Massachuttces,476,138903,563,9604,17,4748004,77246
2020-10-11,Oct,Michigan,671,149464,0,7219,0,4010309,0
2020-10-11,Oct,Minniesota,506,112268,1440,2194,10,2318810,30148
2020-10-11,Oct,Nevada,540,85779,380,1661,2,738304,3361
2020-10-11,Oct,New Jersey,613,213628,751,16174,3,3914772,751
2020-10-11,Oct,New York,1067,474286,1143,25574,5,12039573,118254
2020-10-11,Oct,North Carolina,634,231471,1719,3770,5,3388250,37435
2020-10-11,Oct,Pennsylvania,330,172216,1166,8350,6,2205861,15371
2020-10-11,Oct,Texas,2476,792478,2418,16557,31,6887551,56920
2020-10-11,Oct,Utah,450,85844,1200,517,7,918571,5677
2020-10-11,Oct,Virginia,502,158716,811,3358,4,2256820,18616
2020-10-11,Oct,Washington,703,93035,475,2190,0,2061438,23492
2020-10-12,Oct,Arizona,549,226050,475,5759,0,1574200,8035
2020-10-12,Oct,California,1971,850028,3449,16572,8,16191341,144337
2020-10-12,Oct,Colorado,925,78461,819,1998,0,1560179,19017
2020-10-12,Oct,Florida,1091,736024,1533,15599,47,5567283,16752
2020-10-12,Oct,Georgia,2237,332311,902,7429,13,3168126,17087
2020-10-12,Oct,Illinois,1816,324930,2742,9243,13,6358299,47579
2020-10-12,Oct,Maryland,255,131861,504,4003,4,2916220,23955
2020-10-12,Oct,Massachuttces,475,139663,760,9617,13,4815399,67395
2020-10-12,Oct,Michigan,702,151396,1932,7225,6,4061097,50788
2020-10-12,Oct,Minniesota,507,113439,1171,2197,3,2337122,18312
2020-10-12,Oct,Nevada,480,86348,569,1664,3,741168,2864
2020-10-12,Oct,New Jersey,569,214097,469,16175,1,3971597,56825
2020-10-12,Oct,New York,978,475315,1029,25587,13,12131366,91793
2020-10-12,Oct,North Carolina,652,232747,1276,3773,3,3417814,29564
2020-10-12,Oct,Pennsylvania,395,173304,1088,8368,18,2218010,12149
2020-10-12,Oct,Texas,2477,795126,2648,16558,1,6951394,63843
2020-10-12,Oct,Utah,466,86832,988,522,5,922931,4360
2020-10-12,Oct,Virginia,439,159570,854,3361,3,2271842,15022
2020-10-12,Oct,Washington,711,93035,0,2190,0,2061438,0
2020-10-13,Oct,Arizona,494,226734,684,5767,8,1581151,6951
2020-10-13,Oct,California,1754,852406,2378,16581,9,16333717,142376
2020-10-13,Oct,Colorado,798,79037,576,1998,0,1571329,11150
2020-10-13,Oct,Florida,781,738749,2725,15722,123,5593424,26141
2020-10-13,Oct,Georgia,2000,333304,993,7454,25,3180548,12422
2020-10-13,Oct,Illinois,1518,327781,2851,9272,29,6414292,55993
2020-10-13,Oct,Maryland,233,132343,482,4012,9,2934933,18713
2020-10-13,Oct,Massachuttces,398,140412,749,9630,13,4857515,42116
2020-10-13,Oct,Michigan,620,152862,1466,7255,30,4099559,38462
2020-10-13,Oct,Minniesota,461,114574,1135,2204,7,2355124,18002
2020-10-13,Oct,Nevada,345,86835,487,1674,10,743677,2509
2020-10-13,Oct,New Jersey,484,215085,988,16182,7,3972585,988
2020-10-13,Oct,New York,832,476708,1393,25598,11,12230436,99070
2020-10-13,Oct,North Carolina,544,234481,1734,3816,43,3444583,26769
2020-10-13,Oct,Pennsylvania,230,174646,1342,8384,16,2234739,16729
2020-10-13,Oct,Texas,2196,800415,5289,16622,64,7012023,60629
2020-10-13,Oct,Utah,443,87819,987,522,0,931732,8801
2020-10-13,Oct,Virginia,374,160805,1235,3372,11,2292562,20720
2020-10-13,Oct,Washington,672,94775,1740,2211,21,2123908,62470
2020-10-14,Oct,Arizona,492,227635,901,5772,5,1589202,8051
2020-10-14,Oct,California,1846,855072,2666,16639,58,16425487,91770
2020-10-14,Oct,Colorado,891,80085,1048,2009,11,1588632,17303
2020-10-14,Oct,Florida,855,741632,2883,15788,66,5615247,21823
2020-10-14,Oct,Georgia,2036,334601,1297,7470,16,3204308,23760
2020-10-14,Oct,Illinois,1143,330643,2862,9320,48,6466961,52669
2020-10-14,Oct,Maryland,238,132918,575,4022,10,2956824,21891
2020-10-14,Oct,Massachuttces,385,140992,580,9647,17,4896199,38684
2020-10-14,Oct,Michigan,609,154455,1593,7268,13,4129412,29853
2020-10-14,Oct,Minniesota,472,115943,1369,2180,0,2367344,12220
2020-10-14,Oct,Nevada,371,87314,479,1691,17,747418,3741
2020-10-14,Oct,New Jersey,488,216023,938,16191,9,4036867,64282
2020-10-14,Oct,New York,869,477940,1232,25605,7,12342180,111744
2020-10-14,Oct,North Carolina,541,236407,1926,3856,40,3467235,22652
2020-10-14,Oct,Pennsylvania,380,175922,1276,8411,27,2250651,15912
2020-10-14,Oct,Texas,2273,805082,4667,16717,95,7067676,55653
2020-10-14,Oct,Utah,404,88963,1144,527,5,940687,8955
2020-10-14,Oct,Virginia,388,161610,805,3381,9,2304369,11807
2020-10-14,Oct,Washington,689,94775,0,2211,0,2123908,0
2020-10-15,Oct,Arizona,543,228748,1113,5789,17,1601033,11831
2020-10-15,Oct,California,1923,858401,3329,16757,118,16517812,92325
2020-10-15,Oct,Colorado,961,80777,692,2025,16,1602956,14324
2020-10-15,Oct,Florida,1162,744988,3356,15932,144,5643521,28274
2020-10-15,Oct,Georgia,2291,336241,1640,7492,22,3229781,25473
2020-10-15,Oct,Illinois,1733,334658,4015,9373,53,6534047,67086
2020-10-15,Oct,Maryland,270,133548,630,4028,6,2985460,28636
2020-10-15,Oct,Massachuttces,518,141579,587,9672,25,4955322,59123
2020-10-15,Oct,Michigan,759,156913,2458,7302,34,4171989,42577
2020-10-15,Oct,Minniesota,517,117106,1163,2199,19,2386848,19504
2020-10-15,Oct,Nevada,511,87969,655,1698,7,745344,-2074
2020-10-15,Oct,New Jersey,613,216994,971,16197,6,4070357,33490
2020-10-15,Oct,New York,1036,479400,1460,25618,13,12475392,133212
2020-10-15,Oct,North Carolina,640,238939,2532,3874,18,3500763,33528
2020-10-15,Oct,Pennsylvania,370,177520,1598,8432,21,2266717,16066
2020-10-15,Oct,Texas,2423,809808,4726,16812,95,7111890,44214
2020-10-15,Oct,Utah,482,90461,1498,529,2,948002,7315
2020-10-15,Oct,Virginia,531,162941,1331,3388,7,2326802,22433
2020-10-15,Oct,Washington,717,95509,734,2221,10,2146509,22601
2020-10-16,Oct,Arizona,569,229486,738,5806,17,1609380,8347
2020-10-16,Oct,California,1996,861476,3075,16830,73,16621956,104144
2020-10-16,Oct,Colorado,983,81918,1141,2029,4,1625527,22571
2020-10-16,Oct,Florida,1130,748437,3449,16030,98,5673685,30164
2020-10-16,Oct,Georgia,2363,337850,1609,7556,64,3254270,24489
2020-10-16,Oct,Illinois,1931,339761,5103,9425,52,6622355,88308
2020-10-16,Oct,Maryland,265,134329,781,4032,4,3013107,27647
2020-10-16,Oct,Massachuttces,515,142346,767,9702,30,5012963,57641
2020-10-16,Oct,Michigan,685,159119,2206,7317,15,4225410,53421
2020-10-16,Oct,Minniesota,522,119396,2290,2212,13,2430551,43703
2020-10-16,Oct,Nevada,525,88685,716,1707,9,747671,2327
2020-10-16,Oct,New Jersey,615,217804,810,16202,5,4101399,31042
2020-10-16,Oct,New York,965,481107,1707,25628,10,12611431,136039
2020-10-16,Oct,North Carolina,657,241623,2684,3910,36,3539731,38968
2020-10-16,Oct,Pennsylvania,411,179086,1566,8457,25,2282130,15413
2020-10-16,Oct,Texas,2422,815678,5870,16903,91,7211046,99156
2020-10-16,Oct,Utah,465,91957,1496,537,8,957309,9307
2020-10-16,Oct,Virginia,455,164124,1183,3408,20,2346899,20097
2020-10-16,Oct,Washington,741,96185,676,2232,11,2169192,22683
2020-10-17,Oct,Arizona,83,230407,921,5824,18,1620703,11323
2020-10-17,Oct,California,116,864455,2979,16899,69,16756711,134755
2020-10-17,Oct,Colorado,142,83230,1312,2042,13,1646557,21030
2020-10-17,Oct,Florida,66,752481,4044,16118,88,5704100,30415
2020-10-17,Oct,Georgia,63,339384,1534,7607,51,3280668,26398
2020-10-17,Oct,Illinois,67,343390,3629,9452,27,6699844,77489
2020-10-17,Oct,Maryland,12,135127,798,4036,4,3049634,36527
2020-10-17,Oct,Massachuttces,24,142930,584,9723,21,5088797,75834
2020-10-17,Oct,Michigan,13,159119,0,7317,0,4270757,45347
2020-10-17,Oct,Minniesota,15,121090,1694,2217,5,2458271,27720
2020-10-17,Oct,Nevada,32,89652,967,1707,0,755234,7563
2020-10-17,Oct,New Jersey,32,218738,934,16204,2,4135796,34397
2020-10-17,Oct,New York,50,482891,1784,25637,9,12771403,159972
2020-10-17,Oct,North Carolina,25,243725,2102,3929,19,3582572,42841
2020-10-17,Oct,Pennsylvania,6,180943,1857,8466,9,2300793,18663
2020-10-17,Oct,Texas,77,820563,4885,16984,81,7274236,63190
2020-10-17,Oct,Utah,10,93297,1340,540,3,966451,9142
2020-10-17,Oct,Virginia,35,165238,1114,3422,14,2366380,19481
2020-10-17,Oct,Washington,40,96894,709,2239,7,2194254,25062
2020-10-18,Oct,Arizona,536,231149,742,5827,3,1631023,10320
2020-10-18,Oct,California,2069,867317,2862,16943,44,16892062,135351
2020-10-18,Oct,Colorado,949,84369,1139,2042,0,1668053,21496
2020-10-18,Oct,Florida,1136,755020,2539,16168,50,5722392,18292
2020-10-18,Oct,Georgia,2454,340558,1174,7638,31,3298458,17790
2020-10-18,Oct,Illinois,1996,347635,4245,9474,22,6779140,79296
2020-10-18,Oct,Maryland,258,135657,530,4037,1,3079162,29528
2020-10-18,Oct,Massachuttces,480,143660,730,9737,14,5168943,80146
2020-10-18,Oct,Michigan,685,159119,0,7317,0,4270757,0
2020-10-18,Oct,Minniesota,522,122812,1722,2234,17,2489218,30947
2020-10-18,Oct,Nevada,527,90261,609,1710,3,759508,4274
2020-10-18,Oct,New Jersey,615,220013,1275,16211,7,4138871,3075
2020-10-18,Oct,New York,1078,484281,1390,25644,7,12900166,128763
2020-10-18,Oct,North Carolina,635,246028,2303,3934,5,3617258,34686
2020-10-18,Oct,Pennsylvania,330,182212,1269,8492,26,2314863,14070
2020-10-18,Oct,Texas,2498,823779,3216,17014,30,7326919,52683
2020-10-18,Oct,Utah,447,94394,1097,543,3,973938,7487
2020-10-18,Oct,Virginia,515,166138,900,3433,11,2386778,20398
2020-10-18,Oct,Washington,705,98201,1307,2239,0,2214560,20306
2020-10-19,Oct,Arizona,542,231897,748,5830,3,1639785,8762
2020-10-19,Oct,California,2001,870791,3474,16970,27,17042408,150346
2020-10-19,Oct,Colorado,910,85302,933,2042,0,1689313,21260
2020-10-19,Oct,Florida,1036,756727,1707,16222,54,5739283,16891
2020-10-19,Oct,Georgia,2152,341310,752,7657,19,3314279,15821
2020-10-19,Oct,Illinois,1861,350748,3113,9496,22,6827824,48684
2020-10-19,Oct,Maryland,240,136154,497,4041,4,3103833,24671
2020-10-19,Oct,Massachuttces,428,144488,828,9753,16,5239651,70708
2020-10-19,Oct,Michigan,735,164123,5004,7363,46,4335624,64867
2020-10-19,Oct,Minniesota,507,124439,1627,2239,5,2511395,22177
2020-10-19,Oct,Nevada,499,90843,582,1712,2,763202,3694
2020-10-19,Oct,New Jersey,575,221205,1192,16214,3,4217705,78834
2020-10-19,Oct,New York,949,485279,998,25659,15,12982175,82009
2020-10-19,Oct,North Carolina,649,247172,1144,3939,5,3648364,31106
2020-10-19,Oct,Pennsylvania,423,183315,1103,8500,8,2327281,12418
2020-10-19,Oct,Texas,2517,825673,1894,17022,8,7384043,57124
2020-10-19,Oct,Utah,454,95562,1168,546,3,980659,6721
2020-10-19,Oct,Virginia,433,166828,690,3457,24,2398111,11333
2020-10-19,Oct,Washington,715,98201,0,2239,0,2230785,16225
2020-10-20,Oct,Arizona,489,232937,1040,5837,7,1647345,7560
2020-10-20,Oct,California,1758,874077,3286,16992,22,17189070,146662
2020-10-20,Oct,Colorado,763,86374,1072,2051,9,1708450,19137
2020-10-20,Oct,Florida,816,760389,3662,16308,86,5767947,28664
2020-10-20,Oct,Georgia,1998,342438,1128,7674,17,3327836,13557
2020-10-20,Oct,Illinois,1510,354462,3714,9537,41,6886901,59077
2020-10-20,Oct,Maryland,232,136744,590,4050,9,3121799,17966
2020-10-20,Oct,Massachuttces,355,145464,976,9758,5,5306041,66390
2020-10-20,Oct,Michigan,613,165994,1871,7383,20,4385791,50167
2020-10-20,Oct,Minniesota,354,125531,1092,2246,7,2522999,11604
2020-10-20,Oct,Nevada,329,91499,656,1727,15,766312,3110
2020-10-20,Oct,New Jersey,479,222193,988,16227,13,4235300,17595
2020-10-20,Oct,New York,806,486480,1201,25672,13,13072715,90540
2020-10-20,Oct,North Carolina,535,248750,1578,3992,53,3671793,23429
2020-10-20,Oct,Pennsylvania,229,184872,1557,8533,33,2340511,13230
2020-10-20,Oct,Texas,2090,833557,7884,17087,65,7444326,60283
2020-10-20,Oct,Utah,444,96643,1081,551,5,986424,5765
2020-10-20,Oct,Virginia,381,167754,926,3485,28,2411940,13829
2020-10-20,Oct,Washington,689,98661,460,2258,19,2244336,13551
2020-10-21,Oct,Arizona,491,233912,975,5854,17,1657389,10044
2020-10-21,Oct,California,1851,877784,3707,17027,35,17293139,104069
2020-10-21,Oct,Colorado,879,87582,1208,2060,9,1724038,15588
2020-10-21,Oct,Florida,824,760389,0,16308,0,5767947,0
2020-10-21,Oct,Georgia,1857,343750,1312,7704,30,3338315,10479
2020-10-21,Oct,Illinois,1149,358804,4342,9605,68,6953692,66791
2020-10-21,Oct,Maryland,223,137236,492,4058,8,3138875,17076
2020-10-21,Oct,Massachuttces,368,146166,702,9780,22,5366394,60353
2020-10-21,Oct,Michigan,606,167872,1878,7418,35,4420831,35040
2020-10-21,Oct,Minniesota,464,126591,1060,2281,35,2539376,16377
2020-10-21,Oct,Nevada,364,92064,565,1732,5,769613,3301
2020-10-21,Oct,New Jersey,477,223223,1030,16245,18,4264123,28823
2020-10-21,Oct,New York,851,488506,2026,25679,7,13197504,124789
2020-10-21,Oct,North Carolina,550,250592,1842,4032,40,3692043,20250
2020-10-21,Oct,Pennsylvania,394,186297,1425,8562,29,2353833,13322
2020-10-21,Oct,Texas,2045,838809,5252,17201,114,7474874,30548
2020-10-21,Oct,Utah,437,98006,1363,557,6,993995,7571
2020-10-21,Oct,Virginia,372,168772,1018,3515,30,2431736,19796
2020-10-21,Oct,Washington,693,99150,489,2282,24,2252788,8452
2020-10-22,Oct,Arizona,339,234906,994,5859,5,1668562,11173
2020-10-22,Oct,California,1097,880724,2940,17189,162,17358770,65631
2020-10-22,Oct,Colorado,674,88849,1267,2066,6,1742583,18545
2020-10-22,Oct,Florida,912,768091,7702,16470,162,5821939,53992
2020-10-22,Oct,Georgia,2120,345535,1785,7729,25,3367534,29219
2020-10-22,Oct,Illinois,1524,363746,4942,9647,42,7034669,80977
2020-10-22,Oct,Maryland,198,137979,743,4070,12,3169302,30427
2020-10-22,Oct,Massachuttces,352,147215,1049,9810,30,5441066,74672
2020-10-22,Oct,Michigan,666,170076,2204,7464,46,4468863,48032
2020-10-22,Oct,Minniesota,359,128152,1561,2301,20,2564491,25115
2020-10-22,Oct,Nevada,277,92853,789,1736,4,774095,4482
2020-10-22,Oct,New Jersey,511,224385,1162,16263,18,4297612,33489
2020-10-22,Oct,New York,836,490134,1628,25694,15,13332845,135341
2020-10-22,Oct,North Carolina,588,252992,2400,4082,50,3727675,35632
2020-10-22,Oct,Pennsylvania,274,188360,2063,8592,30,2373439,19606
2020-10-22,Oct,Texas,2067,845100,6291,17286,85,7532717,57843
2020-10-22,Oct,Utah,297,99549,1543,563,6,1004286,10291
2020-10-22,Oct,Virginia,396,170104,1332,3524,9,2451698,19962
2020-10-22,Oct,Washington,474,99874,724,2286,4,2276453,23665
