Date,Month Abbr,State,Number of Flights,Positive,Deaths,Total Tested,Increase of Case Per Day by State
8/24/2020,Aug,Arizona,494,198414,4771,1155629,
8/25/2020,Aug,Arizona,450,199273,4792,1160602,859
8/26/2020,Aug,Arizona,446,199459,4896,1165295,186
8/27/2020,Aug,Arizona,496,200139,4929,1173293,680
8/28/2020,Aug,Arizona,496,200658,4978,1182397,519
8/29/2020,Aug,Arizona,448,201287,5007,1190668,629
8/30/2020,Aug,Arizona,454,201661,5030,1197728,374
8/31/2020,Aug,Arizona,477,201835,5029,1202698,174
9/1/2020,Sep,Arizona,446,202342,5044,1207256,507
9/2/2020,Sep,Arizona,476,202861,5065,1212177,519
9/3/2020,Sep,Arizona,529,203953,5130,1221089,1092
9/4/2020,Sep,Arizona,536,204681,5171,1235142,728
9/5/2020,Sep,Arizona,397,205516,5207,1250981,835
9/6/2020,Sep,Arizona,379,205766,5221,1257221,250
9/7/2020,Sep,Arizona,445,205964,5219,1261590,198
9/8/2020,Sep,Arizona,403,206045,5221,1264793,81
9/9/2020,Sep,Arizona,459,206541,5251,1267371,496
9/10/2020,Sep,Arizona,506,207002,5273,1270873,461
9/11/2020,Sep,Arizona,513,207523,5288,1277543,521
9/12/2020,Sep,Arizona,448,208128,5315,1286824,605
9/13/2020,Sep,Arizona,471,208512,5322,1296137,384
9/14/2020,Sep,Arizona,486,208725,5322,1300664,213
9/15/2020,Sep,Arizona,456,209209,5344,1310315,484
9/16/2020,Sep,Arizona,397,209907,5371,1326272,698
9/17/2020,Sep,Arizona,441,211660,5409,1350116,1753
9/18/2020,Sep,Arizona,477,212942,5451,1358154,1282
9/19/2020,Sep,Arizona,447,213551,5467,1368906,609
9/20/2020,Sep,Arizona,477,214018,5476,1379607,467
9/21/2020,Sep,Arizona,489,214251,5478,1386627,233
9/22/2020,Sep,Arizona,101,214846,5498,1396418,595
9/23/2020,Sep,Arizona,258,215284,5525,1405502,438
9/24/2020,Sep,Arizona,505,215852,5559,1415991,568
9/25/2020,Sep,Arizona,505,216367,5587,1423603,515
9/26/2020,Sep,Arizona,450,216826,5622,1434227,459
9/27/2020,Sep,Arizona,423,217237,5623,1443323,411
9/28/2020,Sep,Arizona,169,217510,5623,1448712,273
9/29/2020,Sep,Arizona,459,218184,5632,1453528,674
9/30/2020,Sep,Arizona,467,218507,5650,1457575,323
10/1/2020,Oct,Arizona,513,219212,5674,1471368,705
10/2/2020,Oct,Arizona,533,219763,5693,1478504,551
10/3/2020,Oct,Arizona,455,220399,5705,1488145,636
10/4/2020,Oct,Arizona,497,220754,5706,1496131,355
10/5/2020,Oct,Arizona,510,221070,5707,1502873,316
10/6/2020,Oct,Arizona,476,221934,5713,1511427,864
10/7/2020,Oct,Arizona,491,222538,5733,1518694,604
10/8/2020,Oct,Arizona,549,223401,5743,1531095,863
10/9/2020,Oct,Arizona,549,224084,5746,1543445,683
10/10/2020,Oct,Arizona,486,224978,5759,1556015,894
10/11/2020,Oct,Arizona,529,225575,5759,1566165,597
10/12/2020,Oct,Arizona,549,226050,5759,1574200,475
10/13/2020,Oct,Arizona,494,226734,5767,1581151,684
10/14/2020,Oct,Arizona,492,227635,5772,1589202,901
10/15/2020,Oct,Arizona,543,228748,5789,1601033,1113
10/16/2020,Oct,Arizona,569,229486,5806,1609380,738
10/17/2020,Oct,Arizona,83,230407,5824,1620703,921
10/18/2020,Oct,Arizona,536,231149,5827,1631023,742
10/19/2020,Oct,Arizona,542,231897,5830,1639785,748
10/20/2020,Oct,Arizona,489,232937,5837,1647345,1040
10/21/2020,Oct,Arizona,491,233912,5854,1657389,975
10/22/2020,Oct,Arizona,339,234906,5859,1668562,994
8/24/2020,Aug,California,1998,668615,12152,10652487,
8/25/2020,Aug,California,1852,673095,12257,10762506,4480
8/26/2020,Aug,California,1829,679099,12407,10832757,6004
8/27/2020,Aug,California,1941,683529,12550,10918415,4430
8/28/2020,Aug,California,1996,688858,12690,11010637,5329
8/29/2020,Aug,California,1862,693839,12834,11109630,4981
8/30/2020,Aug,California,1981,699909,12905,11231829,6070
8/31/2020,Aug,California,1999,704085,12933,11373305,4176
9/1/2020,Sep,California,1925,707797,13018,11470696,3712
9/2/2020,Sep,California,1931,712052,13163,11580370,4255
9/3/2020,Sep,California,2086,717177,13327,11663924,5125
9/4/2020,Sep,California,2139,722283,13490,11796970,5106
9/5/2020,Sep,California,1905,727239,13643,11916323,4956
9/6/2020,Sep,California,1894,732144,13709,12047191,4905
9/7/2020,Sep,California,2027,735235,13726,12158292,3091
9/8/2020,Sep,California,1720,737911,13758,12267948,2676
9/9/2020,Sep,California,1831,739527,13841,12343797,1616
9/10/2020,Sep,California,1952,742865,13978,12389991,3338
9/11/2020,Sep,California,2021,746191,14089,12451660,3326
9/12/2020,Sep,California,1890,750298,14251,12556967,4107
9/13/2020,Sep,California,2015,754923,14329,12690016,4625
9/14/2020,Sep,California,1939,757778,14385,12806189,2855
9/15/2020,Sep,California,1763,760013,14451,12928170,2235
9/16/2020,Sep,California,1498,762963,14615,13000522,2950
9/17/2020,Sep,California,1782,766201,14721,13080037,3238
9/18/2020,Sep,California,1874,769831,14812,13177186,3630
9/19/2020,Sep,California,1854,774135,14912,13343886,4304
9/20/2020,Sep,California,1980,778400,14987,13523158,4265
9/21/2020,Sep,California,1847,781694,15018,13672782,3294
9/22/2020,Sep,California,593,784324,15071,13804055,2630
9/23/2020,Sep,California,1276,787470,15204,13879423,3146
9/24/2020,Sep,California,1904,790640,15314,13952857,3170
9/25/2020,Sep,California,1929,794040,15398,14052247,3400
9/26/2020,Sep,California,1803,798237,15532,14182730,4197
9/27/2020,Sep,California,1720,802308,15587,14333498,4071
9/28/2020,Sep,California,611,805263,15608,14484852,2955
9/29/2020,Sep,California,1694,807425,15640,14613545,2162
9/30/2020,Sep,California,1729,810625,15792,14705202,3200
10/1/2020,Oct,California,1847,813687,15888,14771851,3062
10/2/2020,Oct,California,1976,817277,15986,14868431,3590
10/3/2020,Oct,California,1825,819436,16074,14998888,2159
10/4/2020,Oct,California,2033,823729,16120,15160287,4293
10/5/2020,Oct,California,1819,826784,16149,15301681,3055
10/6/2020,Oct,California,1716,828461,16177,15430421,1677
10/7/2020,Oct,California,1798,831225,16228,15556706,2764
10/8/2020,Oct,California,1917,834800,16361,15623623,3575
10/9/2020,Oct,California,2031,838606,16428,15736497,3806
10/10/2020,Oct,California,1832,842776,16500,15878445,4170
10/11/2020,Oct,California,2074,846579,16564,16047004,3803
10/12/2020,Oct,California,1971,850028,16572,16191341,3449
10/13/2020,Oct,California,1754,852406,16581,16333717,2378
10/14/2020,Oct,California,1846,855072,16639,16425487,2666
10/15/2020,Oct,California,1923,858401,16757,16517812,3329
10/16/2020,Oct,California,1996,861476,16830,16621956,3075
10/17/2020,Oct,California,116,864455,16899,16756711,2979
10/18/2020,Oct,California,2069,867317,16943,16892062,2862
10/19/2020,Oct,California,2001,870791,16970,17042408,3474
10/20/2020,Oct,California,1758,874077,16992,17189070,3286
10/21/2020,Oct,California,1851,877784,17027,17293139,3707
10/22/2020,Oct,California,1097,880724,17189,17358770,2940
8/24/2020,Aug,Colorado,941,55143,1815,938596,
8/25/2020,Aug,Colorado,839,55341,1824,947645,198
8/26/2020,Aug,Colorado,782,55800,1826,955641,459
8/27/2020,Aug,Colorado,925,55993,1835,962754,193
8/28/2020,Aug,Colorado,912,56343,1835,972990,350
8/29/2020,Aug,Colorado,848,56773,1843,985622,430
8/30/2020,Aug,Colorado,806,57041,1843,994951,268
8/31/2020,Aug,Colorado,923,57223,1843,1002802,182
9/1/2020,Sep,Colorado,832,57424,1849,1009970,201
9/2/2020,Sep,Colorado,813,57775,1853,1014642,351
9/3/2020,Sep,Colorado,949,58019,1853,1021497,244
9/4/2020,Sep,Colorado,938,58287,1861,1029791,268
9/5/2020,Sep,Colorado,782,58655,1866,1040752,368
9/6/2020,Sep,Colorado,752,58989,1866,1051084,334
9/7/2020,Sep,Colorado,844,59274,1866,1059557,285
9/8/2020,Sep,Colorado,541,59487,1866,1069606,213
9/9/2020,Sep,Colorado,756,59674,1868,1073979,187
9/10/2020,Sep,Colorado,854,59920,1882,1079276,246
9/11/2020,Sep,Colorado,882,60185,1889,1087199,265
9/12/2020,Sep,Colorado,784,60492,1889,1097985,307
9/13/2020,Sep,Colorado,841,60907,1889,1111572,415
9/14/2020,Sep,Colorado,834,61324,1889,1124181,417
9/15/2020,Sep,Colorado,723,61699,1894,1134666,375
9/16/2020,Sep,Colorado,618,62099,1905,1143941,400
9/17/2020,Sep,Colorado,686,62686,1905,1153853,587
9/18/2020,Sep,Colorado,730,63145,1911,1166910,459
9/19/2020,Sep,Colorado,762,63750,1913,1181829,605
9/20/2020,Sep,Colorado,828,64356,1913,1195379,606
9/21/2020,Sep,Colorado,856,64857,1913,1208425,501
9/22/2020,Sep,Colorado,238,65399,1914,1219137,542
9/23/2020,Sep,Colorado,778,66053,1926,1232288,654
9/24/2020,Sep,Colorado,875,66669,1926,1245745,616
9/25/2020,Sep,Colorado,878,67217,1935,1260861,548
9/26/2020,Sep,Colorado,780,67926,1940,1277613,709
9/27/2020,Sep,Colorado,749,68510,1940,1295655,584
9/28/2020,Sep,Colorado,363,69079,1940,1313403,569
9/29/2020,Sep,Colorado,747,69490,1945,1326642,411
9/30/2020,Sep,Colorado,775,70025,1952,1341180,535
10/1/2020,Oct,Colorado,917,70536,1960,1357159,511
10/2/2020,Oct,Colorado,975,71218,1962,1376920,682
10/3/2020,Oct,Colorado,844,71898,1968,1396346,680
10/4/2020,Oct,Colorado,943,72555,1968,1414336,657
10/5/2020,Oct,Colorado,903,73076,1968,1430540,521
10/6/2020,Oct,Colorado,777,73537,1968,1444262,461
10/7/2020,Oct,Colorado,880,74191,1983,1459332,654
10/8/2020,Oct,Colorado,995,74922,1990,1477301,731
10/9/2020,Oct,Colorado,998,75785,1997,1496198,863
10/10/2020,Oct,Colorado,870,76619,1998,1518454,834
10/11/2020,Oct,Colorado,938,77642,1998,1541162,1023
10/12/2020,Oct,Colorado,925,78461,1998,1560179,819
10/13/2020,Oct,Colorado,798,79037,1998,1571329,576
10/14/2020,Oct,Colorado,891,80085,2009,1588632,1048
10/15/2020,Oct,Colorado,961,80777,2025,1602956,692
10/16/2020,Oct,Colorado,983,81918,2029,1625527,1141
10/17/2020,Oct,Colorado,142,83230,2042,1646557,1312
10/18/2020,Oct,Colorado,949,84369,2042,1668053,1139
10/19/2020,Oct,Colorado,910,85302,2042,1689313,933
10/20/2020,Oct,Colorado,763,86374,2051,1708450,1072
10/21/2020,Oct,Colorado,879,87582,2060,1724038,1208
10/22/2020,Oct,Colorado,674,88849,2066,1742583,1267
8/24/2020,Aug,Florida,917,602829,10534,4447156,
8/25/2020,Aug,Florida,818,605502,10717,4466524,2673
8/26/2020,Aug,Florida,800,608722,10872,4492818,3220
8/27/2020,Aug,Florida,993,611991,11011,4517364,3269
8/28/2020,Aug,Florida,944,615806,11099,4547677,3815
8/29/2020,Aug,Florida,936,619003,11249,4575211,3197
8/30/2020,Aug,Florida,752,621586,11263,4599608,2583
8/31/2020,Aug,Florida,944,623471,11331,4615539,1885
9/1/2020,Sep,Florida,810,631040,11521,4675866,7569
9/2/2020,Sep,Florida,890,633442,11651,4693802,2402
9/3/2020,Sep,Florida,984,637013,11800,4717696,3571
9/4/2020,Sep,Florida,1043,640211,11903,4740007,3198
9/5/2020,Sep,Florida,885,643867,11963,4763807,3656
9/6/2020,Sep,Florida,849,646431,12001,4784770,2564
9/7/2020,Sep,Florida,931,648269,12023,4801684,1838
9/8/2020,Sep,Florida,759,650092,12067,4816873,1823
9/9/2020,Sep,Florida,661,652148,12269,4831248,2056
9/10/2020,Sep,Florida,930,654731,12482,4850259,2583
9/11/2020,Sep,Florida,995,658381,12658,4876756,3650
9/12/2020,Sep,Florida,864,661571,12756,4901680,3190
9/13/2020,Sep,Florida,896,663994,12764,4923930,2423
9/14/2020,Sep,Florida,891,665730,12800,4941008,1736
9/15/2020,Sep,Florida,653,668846,12946,4968847,3116
9/16/2020,Sep,Florida,582,671201,13100,4984023,2355
9/17/2020,Sep,Florida,762,674456,13247,5010973,3255
9/18/2020,Sep,Florida,752,677660,13387,5038261,3204
9/19/2020,Sep,Florida,829,681233,13450,5068554,3573
9/20/2020,Sep,Florida,980,683754,13459,5095089,2521
9/21/2020,Sep,Florida,873,685439,13480,5113260,1685
9/22/2020,Sep,Florida,202,687909,13579,5132342,2470
9/23/2020,Sep,Florida,455,690499,13782,5155980,2590
9/24/2020,Sep,Florida,1015,693040,13961,5179499,2541
9/25/2020,Sep,Florida,1017,695887,14083,5205994,2847
9/26/2020,Sep,Florida,845,698682,14190,5235007,2795
9/27/2020,Sep,Florida,893,700564,14202,5253441,1882
9/28/2020,Sep,Florida,352,701302,14207,5261672,738
9/29/2020,Sep,Florida,652,704568,14313,5290116,3266
9/30/2020,Sep,Florida,700,706516,14488,5301184,1948
10/1/2020,Oct,Florida,1021,709144,14619,5325835,2628
10/2/2020,Oct,Florida,1036,711804,14730,5351521,2660
10/3/2020,Oct,Florida,975,714591,14803,5376459,2787
10/4/2020,Oct,Florida,1024,716459,14845,5396874,1868
10/5/2020,Oct,Florida,999,717874,14886,5412683,1415
10/6/2020,Oct,Florida,702,720125,14945,5433578,2251
10/7/2020,Oct,Florida,795,722707,15084,5459711,2582
10/8/2020,Oct,Florida,1136,726013,15254,5489758,3306
10/9/2020,Oct,Florida,1157,728921,15372,5518162,2908
10/10/2020,Oct,Florida,1079,728921,15372,5518162,0
10/11/2020,Oct,Florida,1142,734491,15552,5550531,5570
10/12/2020,Oct,Florida,1091,736024,15599,5567283,1533
10/13/2020,Oct,Florida,781,738749,15722,5593424,2725
10/14/2020,Oct,Florida,855,741632,15788,5615247,2883
10/15/2020,Oct,Florida,1162,744988,15932,5643521,3356
10/16/2020,Oct,Florida,1130,748437,16030,5673685,3449
10/17/2020,Oct,Florida,66,752481,16118,5704100,4044
10/18/2020,Oct,Florida,1136,755020,16168,5722392,2539
10/19/2020,Oct,Florida,1036,756727,16222,5739283,1707
10/20/2020,Oct,Florida,816,760389,16308,5767947,3662
10/21/2020,Oct,Florida,824,760389,16308,5767947,0
10/22/2020,Oct,Florida,912,768091,16470,5821939,7702
8/24/2020,Aug,Georgia,2166,256253,5156,2205181,
8/25/2020,Aug,Georgia,1816,258354,5262,2230850,2101
8/26/2020,Aug,Georgia,1936,260590,5311,2248901,2236
8/27/2020,Aug,Georgia,1973,263074,5393,2268837,2484
8/28/2020,Aug,Georgia,2208,265372,5471,2286984,2298
8/29/2020,Aug,Georgia,1983,267758,5576,2312179,2386
8/30/2020,Aug,Georgia,1550,268973,5604,2327490,1215
8/31/2020,Aug,Georgia,2062,270471,5632,2343634,1498
9/1/2020,Sep,Georgia,1829,272697,5733,2368498,2226
9/2/2020,Sep,Georgia,1921,274613,5795,2381637,1916
9/3/2020,Sep,Georgia,2004,277288,5868,2410665,2675
9/4/2020,Sep,Georgia,2189,279354,5931,2432125,2066
9/5/2020,Sep,Georgia,1964,281548,5977,2460729,2194
9/6/2020,Sep,Georgia,2044,283199,6037,2479568,1651
9/7/2020,Sep,Georgia,2175,283807,6044,2488841,608
9/8/2020,Sep,Georgia,1759,285350,6070,2511826,1543
9/9/2020,Sep,Georgia,1961,287287,6128,2527779,1937
9/10/2020,Sep,Georgia,2057,289123,6204,2542594,1836
9/11/2020,Sep,Georgia,2265,290781,6246,2558319,1658
9/12/2020,Sep,Georgia,2022,292905,6287,2584257,2124
9/13/2020,Sep,Georgia,2227,294314,6333,2602202,1409
9/14/2020,Sep,Georgia,2143,295337,6353,2615247,1023
9/15/2020,Sep,Georgia,1947,296833,6398,2629090,1496
9/16/2020,Sep,Georgia,1807,299056,6419,2654121,2223
9/17/2020,Sep,Georgia,1911,300903,6474,2679891,1847
9/18/2020,Sep,Georgia,2248,302737,6537,2701952,1834
9/19/2020,Sep,Georgia,2010,305021,6599,2735389,2284
9/20/2020,Sep,Georgia,2308,306155,6602,2750822,1134
9/21/2020,Sep,Georgia,2093,307339,6604,2770863,1184
9/22/2020,Sep,Georgia,606,308221,6677,2783427,882
9/23/2020,Sep,Georgia,626,309678,6773,2803215,1457
9/24/2020,Sep,Georgia,2023,311046,6822,2824816,1368
9/25/2020,Sep,Georgia,2349,312514,6874,2847494,1468
9/26/2020,Sep,Georgia,2020,313873,6914,2872355,1359
9/27/2020,Sep,Georgia,2019,314685,6946,2886269,812
9/28/2020,Sep,Georgia,947,315281,6961,2898498,596
9/29/2020,Sep,Georgia,1987,316306,6994,2910833,1025
9/30/2020,Sep,Georgia,1965,318026,7021,2933679,1720
10/1/2020,Oct,Georgia,2247,319334,7063,2954392,1308
10/2/2020,Oct,Georgia,2310,320634,7106,2970013,1300
10/3/2020,Oct,Georgia,2211,322078,7134,3001381,1444
10/4/2020,Oct,Georgia,2418,322925,7162,3018618,847
10/5/2020,Oct,Georgia,2253,323714,7192,3032757,789
10/6/2020,Oct,Georgia,2122,324650,7229,3044792,936
10/7/2020,Oct,Georgia,2047,326142,7259,3058187,1492
10/8/2020,Oct,Georgia,2326,327407,7294,3083121,1265
10/9/2020,Oct,Georgia,2430,329032,7348,3112629,1625
10/10/2020,Oct,Georgia,2145,330269,7393,3132559,1237
10/11/2020,Oct,Georgia,2409,331409,7416,3151039,1140
10/12/2020,Oct,Georgia,2237,332311,7429,3168126,902
10/13/2020,Oct,Georgia,2000,333304,7454,3180548,993
10/14/2020,Oct,Georgia,2036,334601,7470,3204308,1297
10/15/2020,Oct,Georgia,2291,336241,7492,3229781,1640
10/16/2020,Oct,Georgia,2363,337850,7556,3254270,1609
10/17/2020,Oct,Georgia,63,339384,7607,3280668,1534
10/18/2020,Oct,Georgia,2454,340558,7638,3298458,1174
10/19/2020,Oct,Georgia,2152,341310,7657,3314279,752
10/20/2020,Oct,Georgia,1998,342438,7674,3327836,1128
10/21/2020,Oct,Georgia,1857,342438,7674,3327836,0
10/22/2020,Oct,Georgia,2120,345535,7729,3367534,3097
8/24/2020,Aug,Illinois,2060,223207,8097,3741608,
8/25/2020,Aug,Illinois,1622,224887,8126,3782467,1680
8/26/2020,Aug,Illinois,1821,227044,8163,3832829,2157
8/27/2020,Aug,Illinois,1769,228751,8186,3877339,1707
8/28/2020,Aug,Illinois,1897,231185,8206,3926007,2434
8/29/2020,Aug,Illinois,1833,233065,8217,3974791,1880
8/30/2020,Aug,Illinois,1865,235057,8228,4018484,1992
8/31/2020,Aug,Illinois,2023,236725,8235,4065863,1668
9/1/2020,Sep,Illinois,1769,238217,8273,4088824,1492
9/2/2020,Sep,Illinois,1796,240345,8300,4121575,2128
9/3/2020,Sep,Illinois,2052,241705,8324,4162370,1360
9/4/2020,Sep,Illinois,2064,247299,8362,4311869,5594
9/5/2020,Sep,Illinois,1419,250105,8385,4373804,2806
9/6/2020,Sep,Illinois,1526,251508,8390,4420300,1403
9/7/2020,Sep,Illinois,1945,252889,8398,4449275,1381
9/8/2020,Sep,Illinois,1595,254281,8405,4480638,1392
9/9/2020,Sep,Illinois,1671,255618,8433,4528667,1337
9/10/2020,Sep,Illinois,1713,257571,8461,4577649,1953
9/11/2020,Sep,Illinois,1935,259883,8505,4634477,2312
9/12/2020,Sep,Illinois,1768,262004,8527,4691071,2121
9/13/2020,Sep,Illinois,1730,263466,8541,4737961,1462
9/14/2020,Sep,Illinois,1730,264839,8546,4773891,1373
9/15/2020,Sep,Illinois,1682,266305,8564,4812922,1466
9/16/2020,Sep,Illinois,1506,268246,8599,4865233,1941
9/17/2020,Sep,Illinois,1436,270302,8624,4923033,2056
9/18/2020,Sep,Illinois,1784,272525,8647,4985054,2223
9/19/2020,Sep,Illinois,1791,275054,8672,5059340,2529
9/20/2020,Sep,Illinois,1875,276456,8686,5107351,1402
9/21/2020,Sep,Illinois,1639,277933,8693,5145585,1477
9/22/2020,Sep,Illinois,611,279464,8722,5187414,1531
9/23/2020,Sep,Illinois,1107,281312,8744,5233805,1848
9/24/2020,Sep,Illinois,1782,283569,8774,5295876,2257
9/25/2020,Sep,Illinois,1972,286374,8807,5365960,2805
9/26/2020,Sep,Illinois,1829,288815,8832,5431177,2441
9/27/2020,Sep,Illinois,1522,290419,8845,5481999,1604
9/28/2020,Sep,Illinois,849,292128,8858,5523141,1709
9/29/2020,Sep,Illinois,1695,293490,8881,5568765,1362
9/30/2020,Sep,Illinois,1647,295763,8916,5627311,2273
10/1/2020,Oct,Illinois,1797,297929,8940,5692926,2166
10/2/2020,Oct,Illinois,2099,300385,8992,5765867,2456
10/3/2020,Oct,Illinois,1785,302827,9023,5837501,2442
10/4/2020,Oct,Illinois,2050,304280,9040,5889157,1453
10/5/2020,Oct,Illinois,1841,306133,9054,5927695,1853
10/6/2020,Oct,Illinois,1451,307750,9085,5977208,1617
10/7/2020,Oct,Illinois,1191,310380,9127,6036028,2630
10/8/2020,Oct,Illinois,1741,313439,9159,6108519,3059
10/9/2020,Oct,Illinois,2002,316556,9191,6180417,3117
10/10/2020,Oct,Illinois,1538,319461,9221,6246673,2905
10/11/2020,Oct,Illinois,2033,322188,9230,6310720,2727
10/12/2020,Oct,Illinois,1816,324930,9243,6358299,2742
10/13/2020,Oct,Illinois,1518,327781,9272,6414292,2851
10/14/2020,Oct,Illinois,1143,330643,9320,6466961,2862
10/15/2020,Oct,Illinois,1733,334658,9373,6534047,4015
10/16/2020,Oct,Illinois,1931,339761,9425,6622355,5103
10/17/2020,Oct,Illinois,67,343390,9452,6699844,3629
10/18/2020,Oct,Illinois,1996,347635,9474,6779140,4245
10/19/2020,Oct,Illinois,1861,350748,9496,6827824,3113
10/20/2020,Oct,Illinois,1510,354462,9537,6886901,3714
10/21/2020,Oct,Illinois,1149,358804,9605,6953692,4342
10/22/2020,Oct,Illinois,1524,363746,9647,7034669,4942
8/24/2020,Aug,Maryland,281,104669,3694,1794703,
8/25/2020,Aug,Maryland,254,105046,3707,1807573,377
8/26/2020,Aug,Maryland,263,105486,3717,1819950,440
8/27/2020,Aug,Maryland,289,106063,3722,1841425,577
8/28/2020,Aug,Maryland,252,106664,3736,1868927,601
8/29/2020,Aug,Maryland,265,107294,3746,1894410,630
8/30/2020,Aug,Maryland,266,107791,3752,1919515,497
8/31/2020,Aug,Maryland,287,108249,3755,1938846,458
9/1/2020,Sep,Maryland,258,108863,3761,1952501,614
9/2/2020,Sep,Maryland,260,109319,3766,1964931,456
9/3/2020,Sep,Maryland,291,110012,3778,1989891,693
9/4/2020,Sep,Maryland,290,110831,3789,2019324,819
9/5/2020,Sep,Maryland,254,111607,3796,2047516,776
9/6/2020,Sep,Maryland,227,112119,3799,2064239,512
9/7/2020,Sep,Maryland,240,112883,3804,2086609,764
9/8/2020,Sep,Maryland,222,113239,3807,2099562,356
9/9/2020,Sep,Maryland,230,113575,3816,2109473,336
9/10/2020,Sep,Maryland,250,114078,3824,2128024,503
9/11/2020,Sep,Maryland,257,114724,3828,2150638,646
9/12/2020,Sep,Maryland,224,115533,3836,2183941,809
9/13/2020,Sep,Maryland,238,116110,3838,2207458,577
9/14/2020,Sep,Maryland,248,116646,3839,2226655,536
9/15/2020,Sep,Maryland,230,117245,3849,2245666,599
9/16/2020,Sep,Maryland,214,117888,3855,2272265,643
9/17/2020,Sep,Maryland,184,118519,3861,2299608,631
9/18/2020,Sep,Maryland,193,119062,3869,2324252,543
9/19/2020,Sep,Maryland,219,119744,3876,2361383,682
9/20/2020,Sep,Maryland,243,120156,3879,2390269,412
9/21/2020,Sep,Maryland,252,120568,3883,2407618,412
9/22/2020,Sep,Maryland,63,120912,3895,2422067,344
9/23/2020,Sep,Maryland,202,121297,3902,2441225,385
9/24/2020,Sep,Maryland,254,121800,3909,2464927,503
9/25/2020,Sep,Maryland,247,122359,3917,2494019,559
9/26/2020,Sep,Maryland,228,122972,3925,2525658,613
9/27/2020,Sep,Maryland,205,123403,3935,2555705,431
9/28/2020,Sep,Maryland,99,123880,3938,2573607,477
9/29/2020,Sep,Maryland,214,124311,3946,2588690,431
9/30/2020,Sep,Maryland,235,124725,3949,2605913,414
10/1/2020,Oct,Maryland,255,125510,3949,2629898,785
10/2/2020,Oct,Maryland,260,126222,3950,2660800,712
10/3/2020,Oct,Maryland,226,126819,3957,2688866,597
10/4/2020,Oct,Maryland,233,127290,3958,2715230,471
10/5/2020,Oct,Maryland,239,127791,3961,2734800,501
10/6/2020,Oct,Maryland,223,128204,3967,2752546,413
10/7/2020,Oct,Maryland,226,128664,3973,2773280,460
10/8/2020,Oct,Maryland,269,129425,3979,2802303,761
10/9/2020,Oct,Maryland,267,130159,3990,2829423,734
10/10/2020,Oct,Maryland,231,130795,3995,2863083,636
10/11/2020,Oct,Maryland,253,131357,3999,2892265,562
10/12/2020,Oct,Maryland,255,131861,4003,2916220,504
10/13/2020,Oct,Maryland,233,132343,4012,2934933,482
10/14/2020,Oct,Maryland,238,132918,4022,2956824,575
10/15/2020,Oct,Maryland,270,133548,4028,2985460,630
10/16/2020,Oct,Maryland,265,134329,4032,3013107,781
10/17/2020,Oct,Maryland,12,135127,4036,3049634,798
10/18/2020,Oct,Maryland,258,135657,4037,3079162,530
10/19/2020,Oct,Maryland,240,136154,4041,3103833,497
10/20/2020,Oct,Maryland,232,136744,4050,3121799,590
10/21/2020,Oct,Maryland,223,137236,4058,3138875,492
10/22/2020,Oct,Maryland,198,137979,4070,3169302,743
8/24/2020,Aug,Massachuttces,428,126022,8948,2122991,
8/25/2020,Aug,Massachuttces,351,126420,8960,2157864,398
8/26/2020,Aug,Massachuttces,376,126756,8987,2194342,336
8/27/2020,Aug,Massachuttces,426,127124,9007,2246626,368
8/28/2020,Aug,Massachuttces,457,127584,9023,2290752,460
8/29/2020,Aug,Massachuttces,414,128030,9036,2339669,446
8/30/2020,Aug,Massachuttces,432,128229,9049,2372564,199
8/31/2020,Aug,Massachuttces,430,128533,9060,2404426,304
9/1/2020,Sep,Massachuttces,391,128888,9064,2448341,355
9/2/2020,Sep,Massachuttces,414,121131,9060,2478482,-7757
9/3/2020,Sep,Massachuttces,465,121546,9077,2560869,415
9/4/2020,Sep,Massachuttces,480,121758,9100,2600312,212
9/5/2020,Sep,Massachuttces,372,122196,9116,2660462,438
9/6/2020,Sep,Massachuttces,443,122562,9125,2704512,366
9/7/2020,Sep,Massachuttces,412,122791,9133,2728153,229
9/8/2020,Sep,Massachuttces,374,122962,9141,2758384,171
9/9/2020,Sep,Massachuttces,386,123143,9146,2798585,181
9/10/2020,Sep,Massachuttces,431,123546,9166,2852550,403
9/11/2020,Sep,Massachuttces,463,123986,9180,2905353,440
9/12/2020,Sep,Massachuttces,411,124540,9196,2968723,554
9/13/2020,Sep,Massachuttces,485,124826,9210,3006158,286
9/14/2020,Sep,Massachuttces,417,125080,9219,3038625,254
9/15/2020,Sep,Massachuttces,365,125393,9225,3075812,313
9/16/2020,Sep,Massachuttces,303,125699,9245,3131714,306
9/17/2020,Sep,Massachuttces,354,126128,9260,3199563,429
9/18/2020,Sep,Massachuttces,433,126582,9269,3264873,454
9/19/2020,Sep,Massachuttces,385,127181,9295,3337292,599
9/20/2020,Sep,Massachuttces,443,127540,9310,3399512,359
9/21/2020,Sep,Massachuttces,398,127796,9317,3436161,256
9/22/2020,Sep,Massachuttces,100,127969,9328,3476679,173
9/23/2020,Sep,Massachuttces,337,128512,9347,3557548,543
9/24/2020,Sep,Massachuttces,445,128993,9362,3642716,481
9/25/2020,Sep,Massachuttces,455,129481,9373,3706728,488
9/26/2020,Sep,Massachuttces,397,130050,9391,3780020,569
9/27/2020,Sep,Massachuttces,405,130642,9404,3881846,592
9/28/2020,Sep,Massachuttces,143,131072,9415,3931219,430
9/29/2020,Sep,Massachuttces,364,131584,9423,3988224,512
9/30/2020,Sep,Massachuttces,367,132116,9456,4050617,532
10/1/2020,Oct,Massachuttces,524,132870,9480,4125104,754
10/2/2020,Oct,Massachuttces,527,133631,9490,4200018,761
10/3/2020,Oct,Massachuttces,423,134303,9507,4265786,672
10/4/2020,Oct,Massachuttces,526,134947,9510,4334501,644
10/5/2020,Oct,Massachuttces,473,135462,9530,4371050,515
10/6/2020,Oct,Massachuttces,390,135957,9538,4416428,495
10/7/2020,Oct,Massachuttces,379,136492,9557,4478131,535
10/8/2020,Oct,Massachuttces,524,136936,9565,4541516,444
10/9/2020,Oct,Massachuttces,547,137701,9577,4601434,765
10/10/2020,Oct,Massachuttces,436,138340,9587,4670758,639
10/11/2020,Oct,Massachuttces,476,138903,9604,4748004,563
10/12/2020,Oct,Massachuttces,475,139663,9617,4815399,760
10/13/2020,Oct,Massachuttces,398,140412,9630,4857515,749
10/14/2020,Oct,Massachuttces,385,140992,9647,4896199,580
10/15/2020,Oct,Massachuttces,518,141579,9672,4955322,587
10/16/2020,Oct,Massachuttces,515,142346,9702,5012963,767
10/17/2020,Oct,Massachuttces,24,142930,9723,5088797,584
10/18/2020,Oct,Massachuttces,480,143660,9737,5168943,730
10/19/2020,Oct,Massachuttces,428,144488,9753,5239651,828
10/20/2020,Oct,Massachuttces,355,145464,9758,5306041,976
10/21/2020,Oct,Massachuttces,368,146166,9780,5366394,702
10/22/2020,Oct,Massachuttces,352,147215,9810,5441066,1049
8/24/2020,Aug,Michigan,674,107686,6663,2554894,
8/25/2020,Aug,Michigan,583,108637,6684,2579175,951
8/26/2020,Aug,Michigan,611,109480,6690,2620352,843
8/27/2020,Aug,Michigan,672,110343,6706,2650831,863
8/28/2020,Aug,Michigan,597,111136,6712,2683874,793
8/29/2020,Aug,Michigan,610,111136,6712,2683874,0
8/30/2020,Aug,Michigan,512,112526,6748,2744794,1390
8/31/2020,Aug,Michigan,664,113025,6753,2764431,499
9/1/2020,Sep,Michigan,574,113820,6767,2789407,795
9/2/2020,Sep,Michigan,637,114468,6781,2816816,648
9/3/2020,Sep,Michigan,676,115242,6791,2849451,774
9/4/2020,Sep,Michigan,729,116295,6798,2877981,1053
9/5/2020,Sep,Michigan,653,117191,6806,2919002,896
9/6/2020,Sep,Michigan,615,117191,6806,2919002,0
9/7/2020,Sep,Michigan,688,118403,6810,2962678,1212
9/8/2020,Sep,Michigan,526,118902,6811,2980084,499
9/9/2020,Sep,Michigan,597,119863,6887,3003277,961
9/10/2020,Sep,Michigan,717,120846,6894,3036448,983
9/11/2020,Sep,Michigan,665,122251,6900,3072786,1405
9/12/2020,Sep,Michigan,707,123058,6911,3110610,807
9/13/2020,Sep,Michigan,647,123058,6911,3110610,0
9/14/2020,Sep,Michigan,703,124287,6921,3162087,1229
9/15/2020,Sep,Michigan,563,124969,6932,3187621,682
9/16/2020,Sep,Michigan,506,125742,6943,3218461,773
9/17/2020,Sep,Michigan,547,126722,6955,3251731,980
9/18/2020,Sep,Michigan,576,127500,6954,3285030,778
9/19/2020,Sep,Michigan,606,128087,6969,3318469,587
9/20/2020,Sep,Michigan,659,128087,6969,3318469,0
9/21/2020,Sep,Michigan,706,129662,6981,3370667,1575
9/22/2020,Sep,Michigan,160,130357,6997,3390878,695
9/23/2020,Sep,Michigan,495,131259,7013,3425107,902
9/24/2020,Sep,Michigan,703,132337,7019,3462824,1078
9/25/2020,Sep,Michigan,666,133377,7027,3502312,1040
9/26/2020,Sep,Michigan,713,134373,7044,3543057,996
9/27/2020,Sep,Michigan,586,134373,7044,3543057,0
9/28/2020,Sep,Michigan,286,135702,7051,3593990,1329
9/29/2020,Sep,Michigan,567,136820,7072,3618084,1118
9/30/2020,Sep,Michigan,601,138014,7083,3647862,1194
10/1/2020,Oct,Michigan,732,139012,7102,3683581,998
10/2/2020,Oct,Michigan,686,139996,7110,3723748,984
10/3/2020,Oct,Michigan,715,141271,7124,3764274,1275
10/4/2020,Oct,Michigan,693,141271,7124,3764274,0
10/5/2020,Oct,Michigan,686,142726,7139,3818827,1455
10/6/2020,Oct,Michigan,604,143878,7161,3844962,1152
10/7/2020,Oct,Michigan,559,145092,7169,3879635,1214
10/8/2020,Oct,Michigan,757,146493,7193,3921840,1401
10/9/2020,Oct,Michigan,715,147816,7200,3965016,1323
10/10/2020,Oct,Michigan,705,149464,7219,4010309,1648
10/11/2020,Oct,Michigan,671,149464,7219,4010309,0
10/12/2020,Oct,Michigan,702,151396,7225,4061097,1932
10/13/2020,Oct,Michigan,620,152862,7255,4099559,1466
10/14/2020,Oct,Michigan,609,154455,7268,4129412,1593
10/15/2020,Oct,Michigan,759,156913,7302,4171989,2458
10/16/2020,Oct,Michigan,685,159119,7317,4225410,2206
10/17/2020,Oct,Michigan,13,159119,7317,4270757,0
10/18/2020,Oct,Michigan,685,159119,7317,4270757,0
10/19/2020,Oct,Michigan,735,164123,7363,4335624,5004
10/20/2020,Oct,Michigan,613,165994,7383,4385791,1871
10/21/2020,Oct,Michigan,606,167872,7418,4420831,1878
10/22/2020,Oct,Michigan,666,170076,7464,4468863,2204
8/24/2020,Aug,Minniesota,509,70298,1817,1386513,
8/25/2020,Aug,Minniesota,471,70707,1825,1394986,409
8/26/2020,Aug,Minniesota,470,71236,1842,1406007,529
8/27/2020,Aug,Minniesota,525,72390,1855,1427347,1154
8/28/2020,Aug,Minniesota,487,73240,1859,1443344,850
8/29/2020,Aug,Minniesota,476,74257,1863,1460381,1017
8/30/2020,Aug,Minniesota,426,75189,1865,1478432,932
8/31/2020,Aug,Minniesota,502,75864,1866,1489726,675
9/1/2020,Sep,Minniesota,450,76355,1872,1498919,491
9/2/2020,Sep,Minniesota,475,77085,1882,1525555,730
9/3/2020,Sep,Minniesota,540,78123,1889,1540107,1038
9/4/2020,Sep,Minniesota,524,78966,1899,1558831,843
9/5/2020,Sep,Minniesota,441,79880,1903,1577466,914
9/6/2020,Sep,Minniesota,474,80587,1909,1594639,707
9/7/2020,Sep,Minniesota,506,81225,1912,1609618,638
9/8/2020,Sep,Minniesota,432,81608,1914,1616738,383
9/9/2020,Sep,Minniesota,454,81868,1921,1621174,260
9/10/2020,Sep,Minniesota,483,82249,1936,1646961,381
9/11/2020,Sep,Minniesota,498,82716,1949,1665328,467
9/12/2020,Sep,Minniesota,463,83588,1958,1684520,872
9/13/2020,Sep,Minniesota,482,84311,1971,1707514,723
9/14/2020,Sep,Minniesota,493,84949,1974,1724779,638
9/15/2020,Sep,Minniesota,452,85351,1979,1733292,402
9/16/2020,Sep,Minniesota,417,85813,1985,1743611,462
9/17/2020,Sep,Minniesota,412,86722,1994,1763735,909
9/18/2020,Sep,Minniesota,417,87807,2002,1791680,1085
9/19/2020,Sep,Minniesota,442,88721,2015,1815774,914
9/20/2020,Sep,Minniesota,483,90017,2017,1838392,1296
9/21/2020,Sep,Minniesota,478,90942,2021,1855308,925
9/22/2020,Sep,Minniesota,122,91422,2031,1863694,480
9/23/2020,Sep,Minniesota,193,92100,2037,1873867,678
9/24/2020,Sep,Minniesota,491,93012,2040,1895302,912
9/25/2020,Sep,Minniesota,490,94189,2046,1924020,1177
9/26/2020,Sep,Minniesota,453,95659,2056,1954715,1470
9/27/2020,Sep,Minniesota,461,96734,2060,1981100,1075
9/28/2020,Sep,Minniesota,183,97638,2067,2003115,904
9/29/2020,Sep,Minniesota,447,98447,2072,2017350,809
9/30/2020,Sep,Minniesota,442,99134,2089,2030167,687
10/1/2020,Oct,Minniesota,515,100200,2102,2055888,1066
10/2/2020,Oct,Minniesota,520,101366,2112,2086963,1166
10/3/2020,Oct,Minniesota,476,102787,2126,2116038,1421
10/4/2020,Oct,Minniesota,520,103826,2133,2146411,1039
10/5/2020,Oct,Minniesota,503,104799,2136,2169786,973
10/6/2020,Oct,Minniesota,467,105740,2140,2182970,941
10/7/2020,Oct,Minniesota,454,106651,2154,2195882,911
10/8/2020,Oct,Minniesota,518,107922,2160,2224194,1271
10/9/2020,Oct,Minniesota,516,109312,2174,2256165,1390
10/10/2020,Oct,Minniesota,467,110828,2184,2288662,1516
10/11/2020,Oct,Minniesota,506,112268,2194,2318810,1440
10/12/2020,Oct,Minniesota,507,113439,2197,2337122,1171
10/13/2020,Oct,Minniesota,461,114574,2204,2355124,1135
10/14/2020,Oct,Minniesota,472,115943,2180,2367344,1369
10/15/2020,Oct,Minniesota,517,117106,2199,2386848,1163
10/16/2020,Oct,Minniesota,522,119396,2212,2430551,2290
10/17/2020,Oct,Minniesota,15,121090,2217,2458271,1694
10/18/2020,Oct,Minniesota,522,122812,2234,2489218,1722
10/19/2020,Oct,Minniesota,507,124439,2239,2511395,1627
10/20/2020,Oct,Minniesota,354,125531,2246,2522999,1092
10/21/2020,Oct,Minniesota,464,126591,2281,2539376,1060
10/22/2020,Oct,Minniesota,359,128152,2301,2564491,1561
8/24/2020,Aug,Nevada,460,66010,1200,576677,
8/25/2020,Aug,Nevada,368,66413,1230,579282,403
8/26/2020,Aug,Nevada,377,66666,1250,581155,253
8/27/2020,Aug,Nevada,472,67220,1271,584232,554
8/28/2020,Aug,Nevada,453,67852,1287,588551,632
8/29/2020,Aug,Nevada,401,68461,1302,592521,609
8/30/2020,Aug,Nevada,456,68908,1302,595685,447
8/31/2020,Aug,Nevada,455,69228,1305,597921,320
9/1/2020,Sep,Nevada,364,69633,1313,600349,405
9/2/2020,Sep,Nevada,373,69872,1336,602308,239
9/3/2020,Sep,Nevada,500,70223,1363,605268,351
9/4/2020,Sep,Nevada,525,70712,1375,608815,489
9/5/2020,Sep,Nevada,396,71102,1388,613004,390
9/6/2020,Sep,Nevada,456,71610,1389,619482,508
9/7/2020,Sep,Nevada,466,71967,1393,622642,357
9/8/2020,Sep,Nevada,350,72104,1393,624052,137
9/9/2020,Sep,Nevada,319,72258,1412,624874,154
9/10/2020,Sep,Nevada,454,72546,1429,627319,288
9/11/2020,Sep,Nevada,440,72806,1439,633282,260
9/12/2020,Sep,Nevada,357,73220,1449,637902,414
9/13/2020,Sep,Nevada,438,73537,1452,642075,317
9/14/2020,Sep,Nevada,418,73814,1456,644871,277
9/15/2020,Sep,Nevada,317,74040,1482,646536,226
9/16/2020,Sep,Nevada,259,74248,1494,649533,208
9/17/2020,Sep,Nevada,408,74595,1506,652583,347
9/18/2020,Sep,Nevada,434,75096,1524,656601,501
9/19/2020,Sep,Nevada,355,75419,1528,660686,323
9/20/2020,Sep,Nevada,451,75804,1531,665184,385
9/21/2020,Sep,Nevada,423,76036,1531,666792,232
9/22/2020,Sep,Nevada,54,76298,1546,669074,262
9/23/2020,Sep,Nevada,208,76807,1556,671924,509
9/24/2020,Sep,Nevada,446,77197,1564,675488,390
9/25/2020,Sep,Nevada,452,77753,1573,681336,556
9/26/2020,Sep,Nevada,350,78355,1582,685678,602
9/27/2020,Sep,Nevada,365,78728,1585,688956,373
9/28/2020,Sep,Nevada,91,79191,1585,692673,463
9/29/2020,Sep,Nevada,315,79595,1593,695720,404
9/30/2020,Sep,Nevada,321,79980,1600,698096,385
10/1/2020,Oct,Nevada,482,80410,1603,701557,430
10/2/2020,Oct,Nevada,501,81182,1609,706635,772
10/3/2020,Oct,Nevada,396,81708,1620,710210,526
10/4/2020,Oct,Nevada,505,82100,1623,713389,392
10/5/2020,Oct,Nevada,481,82437,1623,716564,337
10/6/2020,Oct,Nevada,329,82916,1629,718732,479
10/7/2020,Oct,Nevada,365,83347,1636,720509,431
10/8/2020,Oct,Nevada,518,83827,1649,724198,480
10/9/2020,Oct,Nevada,529,84593,1657,730234,766
10/10/2020,Oct,Nevada,404,85399,1659,734943,806
10/11/2020,Oct,Nevada,540,85779,1661,738304,380
10/12/2020,Oct,Nevada,480,86348,1664,741168,569
10/13/2020,Oct,Nevada,345,86835,1674,743677,487
10/14/2020,Oct,Nevada,371,87314,1691,747418,479
10/15/2020,Oct,Nevada,511,87969,1698,745344,655
10/16/2020,Oct,Nevada,525,88685,1707,747671,716
10/17/2020,Oct,Nevada,32,89652,1707,755234,967
10/18/2020,Oct,Nevada,527,90261,1710,759508,609
10/19/2020,Oct,Nevada,499,90843,1712,763202,582
10/20/2020,Oct,Nevada,329,91499,1727,766312,656
10/21/2020,Oct,Nevada,364,92064,1732,769613,565
10/22/2020,Oct,Nevada,277,92853,1736,774095,789
8/24/2020,Aug,New Jersey,475,189719,15901,2676812,
8/25/2020,Aug,New Jersey,423,190021,15905,2697895,302
8/26/2020,Aug,New Jersey,468,190306,15915,2721584,285
8/27/2020,Aug,New Jersey,444,190613,15922,2748836,307
8/28/2020,Aug,New Jersey,485,190971,15932,2749194,358
8/29/2020,Aug,New Jersey,469,191320,15935,2807747,349
8/30/2020,Aug,New Jersey,466,191611,15939,2836334,291
8/31/2020,Aug,New Jersey,477,191960,15947,2857918,349
9/1/2020,Sep,New Jersey,473,192290,15952,2859048,330
9/2/2020,Sep,New Jersey,462,192595,15963,2902267,305
9/3/2020,Sep,New Jersey,561,192973,15970,2930015,378
9/4/2020,Sep,New Jersey,545,193422,15977,2964722,449
9/5/2020,Sep,New Jersey,449,193747,15984,2965047,325
9/6/2020,Sep,New Jersey,484,194058,15988,3002307,311
9/7/2020,Sep,New Jersey,488,194390,15990,3054528,332
9/8/2020,Sep,New Jersey,396,194667,15995,3070746,277
9/9/2020,Sep,New Jersey,418,194990,16003,3091149,323
9/10/2020,Sep,New Jersey,538,195414,16008,3113654,424
9/11/2020,Sep,New Jersey,527,195888,16017,3140786,474
9/12/2020,Sep,New Jersey,483,196337,16021,3141235,449
9/13/2020,Sep,New Jersey,513,196634,16026,3168530,297
9/14/2020,Sep,New Jersey,493,196968,16030,3189970,334
9/15/2020,Sep,New Jersey,405,197404,16039,3212311,436
9/16/2020,Sep,New Jersey,350,197792,16048,3234972,388
9/17/2020,Sep,New Jersey,440,198361,16051,3265818,569
9/18/2020,Sep,New Jersey,445,198848,16055,3291916,487
9/19/2020,Sep,New Jersey,511,199309,16058,3292377,461
9/20/2020,Sep,New Jersey,529,199762,16061,3352791,453
9/21/2020,Sep,New Jersey,520,200154,16063,3353183,392
9/22/2020,Sep,New Jersey,147,200580,16070,3397649,426
9/23/2020,Sep,New Jersey,192,200988,16078,3422747,408
9/24/2020,Sep,New Jersey,552,201552,16087,3451804,564
9/25/2020,Sep,New Jersey,538,202100,16093,3478711,548
9/26/2020,Sep,New Jersey,502,202850,16099,3512568,750
9/27/2020,Sep,New Jersey,443,203548,16105,3513266,698
9/28/2020,Sep,New Jersey,221,204107,16103,3566304,559
9/29/2020,Sep,New Jersey,405,204563,16113,3566760,456
9/30/2020,Sep,New Jersey,434,205275,16122,3613032,712
10/1/2020,Oct,New Jersey,566,205889,16127,3613646,614
10/2/2020,Oct,New Jersey,605,206629,16131,3672127,740
10/3/2020,Oct,New Jersey,512,207576,16135,3673074,947
10/4/2020,Oct,New Jersey,614,208202,16136,3734094,626
10/5/2020,Oct,New Jersey,574,208713,16138,3758058,511
10/6/2020,Oct,New Jersey,489,209342,16147,3758687,629
10/7/2020,Oct,New Jersey,491,209850,16152,3781810,508
10/8/2020,Oct,New Jersey,628,211148,16160,3842667,1298
10/9/2020,Oct,New Jersey,628,212013,16164,3878988,865
10/10/2020,Oct,New Jersey,529,212877,16171,3914021,864
10/11/2020,Oct,New Jersey,613,213628,16174,3914772,751
10/12/2020,Oct,New Jersey,569,214097,16175,3971597,469
10/13/2020,Oct,New Jersey,484,215085,16182,3972585,988
10/14/2020,Oct,New Jersey,488,216023,16191,4036867,938
10/15/2020,Oct,New Jersey,613,216994,16197,4070357,971
10/16/2020,Oct,New Jersey,615,217804,16202,4101399,810
10/17/2020,Oct,New Jersey,32,218738,16204,4135796,934
10/18/2020,Oct,New Jersey,615,220013,16211,4138871,1275
10/19/2020,Oct,New Jersey,575,221205,16214,4217705,1192
10/20/2020,Oct,New Jersey,479,222193,16227,4235300,988
10/21/2020,Oct,New Jersey,477,223223,16245,4264123,1030
10/22/2020,Oct,New Jersey,511,224385,16263,4297612,1162
8/24/2020,Aug,New York,860,430145,25295,7683190,
8/25/2020,Aug,New York,757,430774,25297,7750445,629
8/26/2020,Aug,New York,767,431340,25305,7821634,566
8/27/2020,Aug,New York,862,432131,25309,7905071,791
8/28/2020,Aug,New York,854,432767,25312,8002897,636
8/29/2020,Aug,New York,798,433402,25319,8096770,635
8/30/2020,Aug,New York,818,434100,25327,8196792,698
8/31/2020,Aug,New York,887,434756,25328,8263033,656
9/1/2020,Sep,New York,753,435510,25331,8340030,754
9/2/2020,Sep,New York,791,436218,25336,8428477,708
9/3/2020,Sep,New York,1006,437107,25343,8517458,889
9/4/2020,Sep,New York,968,437971,25348,8610853,864
9/5/2020,Sep,New York,856,438772,25350,8710614,801
9/6/2020,Sep,New York,935,439501,25359,8796244,729
9/7/2020,Sep,New York,906,440021,25361,8855109,520
9/8/2020,Sep,New York,783,440578,25367,8912935,557
9/9/2020,Sep,New York,787,441154,25370,8976165,576
9/10/2020,Sep,New York,998,441911,25377,9052978,757
9/11/2020,Sep,New York,903,442791,25382,9142700,880
9/12/2020,Sep,New York,856,443640,25384,9245625,849
9/13/2020,Sep,New York,953,444365,25390,9318293,725
9/14/2020,Sep,New York,908,444948,25394,9381651,583
9/15/2020,Sep,New York,821,445714,25405,9455329,766
9/16/2020,Sep,New York,742,446366,25410,9530416,652
9/17/2020,Sep,New York,859,447262,25413,9621920,896
9/18/2020,Sep,New York,806,448052,25423,9711647,790
9/19/2020,Sep,New York,821,449038,25425,9822091,986
9/20/2020,Sep,New York,999,449900,25427,9922446,862
9/21/2020,Sep,New York,888,450473,25428,9980765,573
9/22/2020,Sep,New York,343,451227,25432,10064762,754
9/23/2020,Sep,New York,432,451892,25437,10135692,665
9/24/2020,Sep,New York,970,452847,25439,10228645,955
9/25/2020,Sep,New York,925,453755,25446,10323463,908
9/26/2020,Sep,New York,885,454760,25450,10423416,1005
9/27/2020,Sep,New York,791,455626,25456,10508186,866
9/28/2020,Sep,New York,377,456460,25468,10561122,834
9/29/2020,Sep,New York,790,457649,25470,10649353,1189
9/30/2020,Sep,New York,808,458649,25479,10747313,1000
10/1/2020,Oct,New York,1047,460031,25490,10856531,1382
10/2/2020,Oct,New York,1043,461629,25497,10976024,1598
10/3/2020,Oct,New York,953,463360,25505,11110291,1731
10/4/2020,Oct,New York,1044,464582,25519,11220620,1222
10/5/2020,Oct,New York,988,465515,25527,11297024,933
10/6/2020,Oct,New York,807,466908,25536,11393383,1393
10/7/2020,Oct,New York,848,468268,25545,11501629,1360
10/8/2020,Oct,New York,1028,470104,25555,11647440,1836
10/9/2020,Oct,New York,1012,471696,25561,11786740,1592
10/10/2020,Oct,New York,917,473143,25569,11921319,1447
10/11/2020,Oct,New York,1067,474286,25574,12039573,1143
10/12/2020,Oct,New York,978,475315,25587,12131366,1029
10/13/2020,Oct,New York,832,476708,25598,12230436,1393
10/14/2020,Oct,New York,869,477940,25605,12342180,1232
10/15/2020,Oct,New York,1036,479400,25618,12475392,1460
10/16/2020,Oct,New York,965,481107,25628,12611431,1707
10/17/2020,Oct,New York,50,482891,25637,12771403,1784
10/18/2020,Oct,New York,1078,484281,25644,12900166,1390
10/19/2020,Oct,New York,949,485279,25659,12982175,998
10/20/2020,Oct,New York,806,486480,25672,13072715,1201
10/21/2020,Oct,New York,851,488506,25679,13197504,2026
10/22/2020,Oct,New York,836,490134,25694,13332845,1628
8/24/2020,Aug,North Carolina,640,156396,2535,2087695,
8/25/2020,Aug,North Carolina,473,157741,2570,2102359,1345
8/26/2020,Aug,North Carolina,485,158985,2606,2121001,1244
8/27/2020,Aug,North Carolina,645,161076,2630,2152725,2091
8/28/2020,Aug,North Carolina,624,162491,2652,2182891,1415
8/29/2020,Aug,North Carolina,635,165076,2683,2218149,2585
8/30/2020,Aug,North Carolina,563,166127,2692,2243273,1051
8/31/2020,Aug,North Carolina,606,167313,2702,2256172,1186
9/1/2020,Sep,North Carolina,463,169424,2741,2295698,2111
9/2/2020,Sep,North Carolina,481,170553,2779,2315310,1129
9/3/2020,Sep,North Carolina,649,172209,2803,2347837,1656
9/4/2020,Sep,North Carolina,659,174254,2839,2389096,2045
9/5/2020,Sep,North Carolina,619,175815,2889,2410871,1561
9/6/2020,Sep,North Carolina,548,176901,2890,2442950,1086
9/7/2020,Sep,North Carolina,553,177919,2897,2459582,1018
9/8/2020,Sep,North Carolina,465,178635,2909,2469977,716
9/9/2020,Sep,North Carolina,574,179532,2958,2490113,897
9/10/2020,Sep,North Carolina,618,180754,2990,2521839,1222
9/11/2020,Sep,North Carolina,617,182286,3023,2558654,1532
9/12/2020,Sep,North Carolina,598,183740,3047,2581132,1454
9/13/2020,Sep,North Carolina,606,184936,3052,2616108,1196
9/14/2020,Sep,North Carolina,621,185781,3060,2634819,845
9/15/2020,Sep,North Carolina,583,186887,3111,2652440,1106
9/16/2020,Sep,North Carolina,570,188024,3149,2683384,1137
9/17/2020,Sep,North Carolina,482,189576,3180,2714175,1552
9/18/2020,Sep,North Carolina,498,191019,3207,2749020,1443
9/19/2020,Sep,North Carolina,603,192248,3235,2771020,1229
9/20/2020,Sep,North Carolina,617,193581,3243,2804818,1333
9/21/2020,Sep,North Carolina,626,194381,3247,2817539,800
9/22/2020,Sep,North Carolina,190,195549,3286,2824929,1168
9/23/2020,Sep,North Carolina,227,196501,3316,2842427,952
9/24/2020,Sep,North Carolina,622,198189,3356,2870191,1688
9/25/2020,Sep,North Carolina,625,204331,3409,2907617,6142
9/26/2020,Sep,North Carolina,603,206090,3440,2947803,1759
9/27/2020,Sep,North Carolina,546,207380,3441,2978728,1290
9/28/2020,Sep,North Carolina,308,208248,3445,3004533,868
9/29/2020,Sep,North Carolina,548,209137,3494,3019586,889
9/30/2020,Sep,North Carolina,602,210632,3532,3034871,1495
10/1/2020,Oct,North Carolina,618,212909,3579,3063661,2277
10/2/2020,Oct,North Carolina,642,214684,3608,3099704,1775
10/3/2020,Oct,North Carolina,609,216886,3629,3136266,2202
10/4/2020,Oct,North Carolina,632,217496,3634,3160968,610
10/5/2020,Oct,North Carolina,631,219754,3637,3193916,2258
10/6/2020,Oct,North Carolina,597,221258,3670,3216686,1504
10/7/2020,Oct,North Carolina,538,222969,3693,3235273,1711
10/8/2020,Oct,North Carolina,650,225397,3722,3268955,2428
10/9/2020,Oct,North Carolina,655,227431,3747,3311285,2034
10/10/2020,Oct,North Carolina,625,229752,3765,3350815,2321
10/11/2020,Oct,North Carolina,634,231471,3770,3388250,1719
10/12/2020,Oct,North Carolina,652,232747,3773,3417814,1276
10/13/2020,Oct,North Carolina,544,234481,3816,3444583,1734
10/14/2020,Oct,North Carolina,541,236407,3856,3467235,1926
10/15/2020,Oct,North Carolina,640,238939,3874,3500763,2532
10/16/2020,Oct,North Carolina,657,241623,3910,3539731,2684
10/17/2020,Oct,North Carolina,25,243725,3929,3582572,2102
10/18/2020,Oct,North Carolina,635,246028,3934,3617258,2303
10/19/2020,Oct,North Carolina,649,247172,3939,3648364,1144
10/20/2020,Oct,North Carolina,535,248750,3992,3671793,1578
10/21/2020,Oct,North Carolina,550,250592,4032,3692043,1842
10/22/2020,Oct,North Carolina,588,252992,4082,3727675,2400
8/24/2020,Aug,Pennsylvania,418,129474,7579,1562838,
8/25/2020,Aug,Pennsylvania,361,130035,7605,1575205,561
8/26/2020,Aug,Pennsylvania,360,130536,7624,1588178,501
8/27/2020,Aug,Pennsylvania,441,131156,7635,1602921,620
8/28/2020,Aug,Pennsylvania,330,131991,7655,1620826,835
8/29/2020,Aug,Pennsylvania,337,132834,7671,1636942,843
8/30/2020,Aug,Pennsylvania,327,133504,7673,1649403,670
8/31/2020,Aug,Pennsylvania,423,134025,7673,1658220,521
9/1/2020,Sep,Pennsylvania,371,134795,7691,1674764,770
9/2/2020,Sep,Pennsylvania,355,135611,7712,1687696,816
9/3/2020,Sep,Pennsylvania,443,136771,7732,1702214,1160
9/4/2020,Sep,Pennsylvania,422,137662,7742,1714541,891
9/5/2020,Sep,Pennsylvania,328,138625,7760,1727706,963
9/6/2020,Sep,Pennsylvania,307,139316,7760,1738615,691
9/7/2020,Sep,Pennsylvania,367,139863,7780,1748241,547
9/8/2020,Sep,Pennsylvania,328,140359,7791,1755076,496
9/9/2020,Sep,Pennsylvania,302,141290,7805,1766930,931
9/10/2020,Sep,Pennsylvania,337,141877,7820,1781226,587
9/11/2020,Sep,Pennsylvania,298,142885,7837,1794913,1008
9/12/2020,Sep,Pennsylvania,170,143805,7837,1807805,920
9/13/2020,Sep,Pennsylvania,276,143881,7837,1807881,76
9/14/2020,Sep,Pennsylvania,309,145063,7869,1829672,1182
9/15/2020,Sep,Pennsylvania,198,146214,7875,1841498,1151
9/16/2020,Sep,Pennsylvania,340,146990,7903,1855121,776
9/17/2020,Sep,Pennsylvania,284,147923,7913,1869198,933
9/18/2020,Sep,Pennsylvania,303,148683,7934,1881488,760
9/19/2020,Sep,Pennsylvania,170,149845,7956,1896125,1162
9/20/2020,Sep,Pennsylvania,306,150578,7981,1908910,733
9/21/2020,Sep,Pennsylvania,396,150812,8004,1917993,234
9/22/2020,Sep,Pennsylvania,52,151646,8023,1929562,834
9/23/2020,Sep,Pennsylvania,140,152544,8062,1942956,898
9/24/2020,Sep,Pennsylvania,343,153397,8079,1956867,853
9/25/2020,Sep,Pennsylvania,376,154203,8081,1970600,806
9/26/2020,Sep,Pennsylvania,180,155232,8103,1985524,1029
9/27/2020,Sep,Pennsylvania,289,156150,8106,2001220,918
9/28/2020,Sep,Pennsylvania,129,156826,8107,2012317,676
9/29/2020,Sep,Pennsylvania,196,157814,8123,2024575,988
9/30/2020,Sep,Pennsylvania,379,158967,8142,2038094,1153
10/1/2020,Oct,Pennsylvania,344,160123,8160,2049762,1156
10/2/2020,Oct,Pennsylvania,408,161284,8179,2066255,1161
10/3/2020,Oct,Pennsylvania,177,161284,8199,2066255,0
10/4/2020,Oct,Pennsylvania,297,163535,8216,2095170,2251
10/5/2020,Oct,Pennsylvania,414,164207,8227,2105159,672
10/6/2020,Oct,Pennsylvania,202,165243,8244,2117235,1036
10/7/2020,Oct,Pennsylvania,379,166552,8272,2134094,1309
10/8/2020,Oct,Pennsylvania,368,167928,8299,2153031,1376
10/9/2020,Oct,Pennsylvania,413,169308,8308,2169073,1380
10/10/2020,Oct,Pennsylvania,194,171050,8344,2190490,1742
10/11/2020,Oct,Pennsylvania,330,172216,8350,2205861,1166
10/12/2020,Oct,Pennsylvania,395,173304,8368,2218010,1088
10/13/2020,Oct,Pennsylvania,230,174646,8384,2234739,1342
10/14/2020,Oct,Pennsylvania,380,175922,8411,2250651,1276
10/15/2020,Oct,Pennsylvania,370,177520,8432,2266717,1598
10/16/2020,Oct,Pennsylvania,411,179086,8457,2282130,1566
10/17/2020,Oct,Pennsylvania,6,180943,8466,2300793,1857
10/18/2020,Oct,Pennsylvania,330,182212,8492,2314863,1269
10/19/2020,Oct,Pennsylvania,423,183315,8500,2327281,1103
10/20/2020,Oct,Pennsylvania,229,184872,8533,2340511,1557
10/21/2020,Oct,Pennsylvania,394,186297,8562,2353833,1425
10/22/2020,Oct,Pennsylvania,274,188360,8592,2373439,2063
8/24/2020,Aug,Texas,2414,580384,11395,4670875,
8/25/2020,Aug,Texas,2030,586730,11576,4724559,6346
8/26/2020,Aug,Texas,1533,592137,11805,4764640,5407
8/27/2020,Aug,Texas,2057,597737,12070,4793914,5600
8/28/2020,Aug,Texas,2340,601768,12266,4842362,4031
8/29/2020,Aug,Texas,2301,606530,12420,4900972,4762
8/30/2020,Aug,Texas,2166,610354,12510,4924712,3824
8/31/2020,Aug,Texas,2393,612969,12536,4961553,2615
9/1/2020,Sep,Texas,1489,617333,12681,5033554,4364
9/2/2020,Sep,Texas,1906,621667,12870,5068862,4334
9/3/2020,Sep,Texas,2370,625347,13091,5107503,3680
9/4/2020,Sep,Texas,2358,630829,13231,5119753,5482
9/5/2020,Sep,Texas,1738,635315,13408,5183948,4486
9/6/2020,Sep,Texas,1878,638310,13472,5282579,2995
9/7/2020,Sep,Texas,2274,640370,13492,5320999,2060
9/8/2020,Sep,Texas,1934,641791,13553,5339126,1421
9/9/2020,Sep,Texas,1901,645791,13692,5372132,4000
9/10/2020,Sep,Texas,2255,649809,13853,5405257,4018
9/11/2020,Sep,Texas,2301,653356,13997,5454041,3547
9/12/2020,Sep,Texas,2168,657589,14143,5519641,4233
9/13/2020,Sep,Texas,2240,659434,14190,5550139,1845
9/14/2020,Sep,Texas,2178,663445,14211,5213247,4011
9/15/2020,Sep,Texas,1963,668746,14343,5247542,5301
9/16/2020,Sep,Texas,1873,674772,14478,5299620,6026
9/17/2020,Sep,Texas,1906,678819,14590,5345176,4047
9/18/2020,Sep,Texas,1947,682241,14713,5444801,3422
9/19/2020,Sep,Texas,2165,686068,14848,5563176,3827
9/20/2020,Sep,Texas,2234,688534,14893,5593488,2466
9/21/2020,Sep,Texas,2181,698387,14917,5622498,9853
9/22/2020,Sep,Texas,652,716207,14994,5667732,17820
9/23/2020,Sep,Texas,1041,719599,15129,5740674,3392
9/24/2020,Sep,Texas,2319,723919,15267,5860833,4320
9/25/2020,Sep,Texas,2281,728552,15364,5913449,4633
9/26/2020,Sep,Texas,2191,733438,15485,5994813,4886
9/27/2020,Sep,Texas,1796,735132,15522,6016907,1694
9/28/2020,Sep,Texas,915,739743,15533,6171755,4611
9/29/2020,Sep,Texas,2008,743284,15604,6200826,3541
9/30/2020,Sep,Texas,2146,748967,15711,6237157,5683
10/1/2020,Oct,Texas,2238,752501,15823,6282329,3534
10/2/2020,Oct,Texas,2301,756004,15895,6368742,3503
10/3/2020,Oct,Texas,2186,763010,15992,6472939,7006
10/4/2020,Oct,Texas,2296,765894,16025,6537885,2884
10/5/2020,Oct,Texas,2292,769303,16033,6571677,3409
10/6/2020,Oct,Texas,1965,773435,16111,6636248,4132
10/7/2020,Oct,Texas,2207,777556,16230,6664440,4121
10/8/2020,Oct,Texas,2370,781794,16334,6703106,4238
10/9/2020,Oct,Texas,2423,785830,16432,6746030,4036
10/10/2020,Oct,Texas,2207,790060,16526,6830631,4230
10/11/2020,Oct,Texas,2476,792478,16557,6887551,2418
10/12/2020,Oct,Texas,2477,795126,16558,6951394,2648
10/13/2020,Oct,Texas,2196,800415,16622,7012023,5289
10/14/2020,Oct,Texas,2273,805082,16717,7067676,4667
10/15/2020,Oct,Texas,2423,809808,16812,7111890,4726
10/16/2020,Oct,Texas,2422,815678,16903,7211046,5870
10/17/2020,Oct,Texas,77,820563,16984,7274236,4885
10/18/2020,Oct,Texas,2498,823779,17014,7326919,3216
10/19/2020,Oct,Texas,2517,825673,17022,7384043,1894
10/20/2020,Oct,Texas,2090,833557,17087,7444326,7884
10/21/2020,Oct,Texas,2045,838809,17201,7474874,5252
10/22/2020,Oct,Texas,2067,845100,17286,7532717,6291
8/24/2020,Aug,Utah,468,49364,390,626354,
8/25/2020,Aug,Utah,427,49767,397,630599,403
8/26/2020,Aug,Utah,437,50174,401,637329,407
8/27/2020,Aug,Utah,482,50557,403,642761,383
8/28/2020,Aug,Utah,462,50948,407,647745,391
8/29/2020,Aug,Utah,439,51406,407,650560,458
8/30/2020,Aug,Utah,406,51854,407,655507,448
8/31/2020,Aug,Utah,474,52107,407,659855,253
9/1/2020,Sep,Utah,432,52403,409,664521,296
9/2/2020,Sep,Utah,446,52822,410,668425,419
9/3/2020,Sep,Utah,495,53326,414,673659,504
9/4/2020,Sep,Utah,481,53839,419,679716,513
9/5/2020,Sep,Utah,413,54272,420,683965,433
9/6/2020,Sep,Utah,422,54660,422,688735,388
9/7/2020,Sep,Utah,441,55033,423,691743,373
9/8/2020,Sep,Utah,316,55359,424,695347,326
9/9/2020,Sep,Utah,425,55673,427,698541,314
9/10/2020,Sep,Utah,470,56019,430,703766,346
9/11/2020,Sep,Utah,455,56675,431,707807,656
9/12/2020,Sep,Utah,414,57247,433,712229,572
9/13/2020,Sep,Utah,423,57875,433,716873,628
9/14/2020,Sep,Utah,442,58438,436,721682,563
9/15/2020,Sep,Utah,439,59000,436,725612,562
9/16/2020,Sep,Utah,334,59747,437,729731,747
9/17/2020,Sep,Utah,310,60658,437,735178,911
9/18/2020,Sep,Utah,369,61775,437,743737,1117
9/19/2020,Sep,Utah,400,62852,440,751950,1077
9/20/2020,Sep,Utah,422,63772,440,758165,920
9/21/2020,Sep,Utah,434,64394,441,762051,622
9/22/2020,Sep,Utah,92,65044,443,768959,650
9/23/2020,Sep,Utah,228,65921,444,775858,877
9/24/2020,Sep,Utah,451,67119,444,784975,1198
9/25/2020,Sep,Utah,453,68530,448,795217,1411
9/26/2020,Sep,Utah,427,69547,448,805079,1017
9/27/2020,Sep,Utah,372,70615,453,811249,1068
9/28/2020,Sep,Utah,161,71442,453,817461,827
9/29/2020,Sep,Utah,424,72136,457,821864,694
9/30/2020,Sep,Utah,435,73042,459,829970,906
10/1/2020,Oct,Utah,469,74050,459,836218,1008
10/2/2020,Oct,Utah,473,75157,474,845583,1107
10/3/2020,Oct,Utah,432,76225,476,852680,1068
10/4/2020,Oct,Utah,446,77618,478,860894,1393
10/5/2020,Oct,Utah,456,78723,482,866180,1105
10/6/2020,Oct,Utah,440,79439,488,875601,716
10/7/2020,Oct,Utah,432,80446,496,881440,1007
10/8/2020,Oct,Utah,480,81947,501,892022,1501
10/9/2020,Oct,Utah,478,83290,505,901048,1343
10/10/2020,Oct,Utah,433,84644,510,912894,1354
10/11/2020,Oct,Utah,450,85844,517,918571,1200
10/12/2020,Oct,Utah,466,86832,522,922931,988
10/13/2020,Oct,Utah,443,87819,522,931732,987
10/14/2020,Oct,Utah,404,88963,527,940687,1144
10/15/2020,Oct,Utah,482,90461,529,948002,1498
10/16/2020,Oct,Utah,465,91957,537,957309,1496
10/17/2020,Oct,Utah,10,93297,540,966451,1340
10/18/2020,Oct,Utah,447,94394,543,973938,1097
10/19/2020,Oct,Utah,454,95562,546,980659,1168
10/20/2020,Oct,Utah,444,96643,551,986424,1081
10/21/2020,Oct,Utah,437,98006,557,993995,1363
10/22/2020,Oct,Utah,297,99549,563,1004286,1543
8/24/2020,Aug,Virginia,413,113630,2471,1479117,
8/25/2020,Aug,Virginia,414,114635,2494,1495014,1005
8/26/2020,Aug,Virginia,402,115458,2515,1502521,823
8/27/2020,Aug,Virginia,448,115458,2515,1502521,0
8/28/2020,Aug,Virginia,388,117592,2550,1539290,2134
8/29/2020,Aug,Virginia,403,118809,2568,1555487,1217
8/30/2020,Aug,Virginia,404,119747,2569,1568194,938
8/31/2020,Aug,Virginia,426,120594,2580,1581291,847
9/1/2020,Sep,Virginia,481,121615,2612,1593368,1021
9/2/2020,Sep,Virginia,476,122542,2641,1605290,927
9/3/2020,Sep,Virginia,409,123668,2652,1619053,1126
9/4/2020,Sep,Virginia,449,124779,2662,1634308,1111
9/5/2020,Sep,Virginia,296,125727,2677,1652020,948
9/6/2020,Sep,Virginia,367,126926,2678,1664475,1199
9/7/2020,Sep,Virginia,450,127571,2684,1676446,645
9/8/2020,Sep,Virginia,437,128407,2686,1684048,836
9/9/2020,Sep,Virginia,481,129289,2697,1694203,882
9/10/2020,Sep,Virginia,471,130525,2708,1710556,1236
9/11/2020,Sep,Virginia,437,131640,2711,1728110,1115
9/12/2020,Sep,Virginia,477,132940,2722,1744020,1300
9/13/2020,Sep,Virginia,498,133814,2724,1760096,874
9/14/2020,Sep,Virginia,443,134571,2743,1773158,757
9/15/2020,Sep,Virginia,447,135514,2839,1785553,943
9/16/2020,Sep,Virginia,414,136359,2884,1799851,845
9/17/2020,Sep,Virginia,373,137460,2920,1822012,1101
9/18/2020,Sep,Virginia,377,138702,2949,1831623,1242
9/19/2020,Sep,Virginia,478,139655,2990,1866666,953
9/20/2020,Sep,Virginia,497,140511,3015,1882028,856
9/21/2020,Sep,Virginia,465,141138,3021,1898637,627
9/22/2020,Sep,Virginia,115,142010,3060,1911580,872
9/23/2020,Sep,Virginia,82,142590,3089,1922606,580
9/24/2020,Sep,Virginia,484,143492,3113,1952965,902
9/25/2020,Sep,Virginia,469,144433,3136,1973499,941
9/26/2020,Sep,Virginia,479,145408,3144,1993344,975
9/27/2020,Sep,Virginia,439,146144,3159,2003129,736
9/28/2020,Sep,Virginia,168,146593,3172,2027168,449
9/29/2020,Sep,Virginia,447,147516,3187,2039510,923
9/30/2020,Sep,Virginia,458,148271,3208,2049988,755
10/1/2020,Oct,Virginia,488,148721,3228,2074236,450
10/2/2020,Oct,Virginia,454,149687,3250,2094361,966
10/3/2020,Oct,Virginia,494,150803,3270,2113878,1116
10/4/2020,Oct,Virginia,526,151870,3273,2113878,1067
10/5/2020,Oct,Virginia,435,152557,3276,2139991,687
10/6/2020,Oct,Virginia,371,153182,3291,2154168,625
10/7/2020,Oct,Virginia,390,153691,3303,2170313,509
10/8/2020,Oct,Virginia,529,155535,3328,2189792,1844
10/9/2020,Oct,Virginia,463,156649,3344,2219510,1114
10/10/2020,Oct,Virginia,502,157905,3354,2238204,1256
10/11/2020,Oct,Virginia,502,158716,3358,2256820,811
10/12/2020,Oct,Virginia,439,159570,3361,2271842,854
10/13/2020,Oct,Virginia,374,160805,3372,2292562,1235
10/14/2020,Oct,Virginia,388,161610,3381,2304369,805
10/15/2020,Oct,Virginia,531,162941,3388,2326802,1331
10/16/2020,Oct,Virginia,455,164124,3408,2346899,1183
10/17/2020,Oct,Virginia,35,165238,3422,2366380,1114
10/18/2020,Oct,Virginia,515,166138,3433,2386778,900
10/19/2020,Oct,Virginia,433,166828,3457,2398111,690
10/20/2020,Oct,Virginia,381,167754,3485,2411940,926
10/21/2020,Oct,Virginia,372,168772,3515,2431736,1018
10/22/2020,Oct,Virginia,396,170104,3524,2451698,1332
8/24/2020,Aug,Washington,686,71681,1863,1380050,
8/25/2020,Aug,Washington,695,71681,1867,1380050,0
8/26/2020,Aug,Washington,677,71705,1876,1380104,24
8/27/2020,Aug,Washington,732,72161,1880,1391309,456
8/28/2020,Aug,Washington,713,72703,1890,1408164,542
8/29/2020,Aug,Washington,717,73301,1905,1423771,598
8/30/2020,Aug,Washington,681,74320,1905,1461354,1019
8/31/2020,Aug,Washington,685,74320,1905,1461354,0
9/1/2020,Sep,Washington,747,74635,1915,1473245,315
9/2/2020,Sep,Washington,708,74939,1931,1480039,304
9/3/2020,Sep,Washington,800,75377,1935,1496353,438
9/4/2020,Sep,Washington,803,75856,1945,1518089,479
9/5/2020,Sep,Washington,761,76335,1953,1534090,479
9/6/2020,Sep,Washington,739,76836,1953,1550477,501
9/7/2020,Sep,Washington,766,77235,1953,1563053,399
9/8/2020,Sep,Washington,727,77235,1953,1563053,0
9/9/2020,Sep,Washington,741,78009,1978,1583903,774
9/10/2020,Sep,Washington,703,78467,1985,1597987,458
9/11/2020,Sep,Washington,738,79011,1991,1614748,544
9/12/2020,Sep,Washington,650,79476,1991,1631162,465
9/13/2020,Sep,Washington,631,79826,1991,1644585,350
9/14/2020,Sep,Washington,654,80138,2006,1653967,312
9/15/2020,Sep,Washington,615,80465,2015,1665715,327
9/16/2020,Sep,Washington,662,80812,2020,1676702,347
9/17/2020,Sep,Washington,654,81198,2031,1691047,386
9/18/2020,Sep,Washington,684,81602,2037,1704670,404
9/19/2020,Sep,Washington,725,81602,2037,1704670,0
9/20/2020,Sep,Washington,680,82199,2037,1723040,597
9/21/2020,Sep,Washington,718,82548,2037,1736556,349
9/22/2020,Sep,Washington,320,83193,2070,1740899,645
9/23/2020,Sep,Washington,704,83193,2070,1740899,0
9/24/2020,Sep,Washington,715,83702,2081,1743296,509
9/25/2020,Sep,Washington,728,84238,2080,1783279,536
9/26/2020,Sep,Washington,685,85226,2100,1801021,988
9/27/2020,Sep,Washington,585,85830,2100,1820623,604
9/28/2020,Sep,Washington,295,86269,2100,1837206,439
9/29/2020,Sep,Washington,681,86638,2100,1848463,369
9/30/2020,Sep,Washington,709,87042,2124,1854399,404
10/1/2020,Oct,Washington,708,87522,2126,1868089,480
10/2/2020,Oct,Washington,773,88116,2132,1884074,594
10/3/2020,Oct,Washington,744,88810,2143,1905759,694
10/4/2020,Oct,Washington,731,89419,2142,1922956,609
10/5/2020,Oct,Washington,713,89874,2142,1935899,455
10/6/2020,Oct,Washington,667,90276,2158,1951407,402
10/7/2020,Oct,Washington,702,90663,2165,1961067,387
10/8/2020,Oct,Washington,710,91208,2177,1987477,545
10/9/2020,Oct,Washington,748,91918,2183,2016471,710
10/10/2020,Oct,Washington,678,92560,2190,2037946,642
10/11/2020,Oct,Washington,703,93035,2190,2061438,475
10/12/2020,Oct,Washington,711,93035,2190,2061438,0
10/13/2020,Oct,Washington,672,94775,2211,2123908,1740
10/14/2020,Oct,Washington,689,94775,2211,2123908,0
10/15/2020,Oct,Washington,717,95509,2221,2146509,734
10/16/2020,Oct,Washington,741,96185,2232,2169192,676
10/17/2020,Oct,Washington,40,96894,2239,2194254,709
10/18/2020,Oct,Washington,705,98201,2239,2214560,1307
10/19/2020,Oct,Washington,715,98201,2239,2230785,0
10/20/2020,Oct,Washington,689,98661,2258,2244336,460
10/21/2020,Oct,Washington,693,99150,2282,2252788,489
10/22/2020,Oct,Washington,474,99874,2286,2276453,724
