Date,Month Abbr,State,Number of Flights,Positive,Deaths,Total Tested
2020-08-24,Aug,Maryland,281,104669,3694,1794703
2020-08-25,Aug,Maryland,254,105046,3707,1807573
2020-08-26,Aug,Maryland,263,105486,3717,1819950
2020-08-27,Aug,Maryland,289,106063,3722,1841425
2020-08-28,Aug,Maryland,252,106664,3736,1868927
2020-08-29,Aug,Maryland,265,107294,3746,1894410
2020-08-30,Aug,Maryland,266,107791,3752,1919515
2020-08-31,Aug,Maryland,287,108249,3755,1938846
2020-08-24,Aug,North Carolina,640,156396,2535,2087695
2020-08-25,Aug,North Carolina,473,157741,2570,2102359
2020-08-26,Aug,North Carolina,485,158985,2606,2121001
2020-08-27,Aug,North Carolina,645,161076,2630,2152725
2020-08-28,Aug,North Carolina,624,162491,2652,2182891
2020-08-29,Aug,North Carolina,635,165076,2683,2218149
2020-08-30,Aug,North Carolina,563,166127,2692,2243273
2020-08-31,Aug,North Carolina,606,167313,2702,2256172
2020-08-24,Aug,Illinois,2060,223207,8097,3741608
2020-08-25,Aug,Illinois,1622,224887,8126,3782467
2020-08-26,Aug,Illinois,1821,227044,8163,3832829
2020-08-27,Aug,Illinois,1769,228751,8186,3877339
2020-08-28,Aug,Illinois,1897,231185,8206,3926007
2020-08-29,Aug,Illinois,1833,233065,8217,3974791
2020-08-30,Aug,Illinois,1865,235057,8228,4018484
2020-08-31,Aug,Illinois,2023,236725,8235,4065863
2020-08-24,Aug,Texas,1665,580384,11395,4670875
2020-08-24,Aug,Texas,749,580384,11395,4670875
2020-08-25,Aug,Texas,1426,586730,11576,4724559
2020-08-25,Aug,Texas,604,586730,11576,4724559
2020-08-26,Aug,Texas,1345,592137,11805,4764640
2020-08-26,Aug,Texas,188,592137,11805,4764640
2020-08-27,Aug,Texas,1590,597737,12070,4793914
2020-08-27,Aug,Texas,467,597737,12070,4793914
2020-08-28,Aug,Texas,1636,601768,12266,4842362
2020-08-28,Aug,Texas,704,601768,12266,4842362
2020-08-29,Aug,Texas,1599,606530,12420,4900972
2020-08-29,Aug,Texas,702,606530,12420,4900972
2020-08-30,Aug,Texas,1513,610354,12510,4924712
2020-08-30,Aug,Texas,653,610354,12510,4924712
2020-08-31,Aug,Texas,1662,612969,12536,4961553
2020-08-31,Aug,Texas,731,612969,12536,4961553
2020-08-24,Aug,Colorado,941,55143,1815,938596
2020-08-25,Aug,Colorado,839,55341,1824,947645
2020-08-26,Aug,Colorado,782,55800,1826,955641
2020-08-27,Aug,Colorado,925,55993,1835,962754
2020-08-28,Aug,Colorado,912,56343,1835,972990
2020-08-29,Aug,Colorado,848,56773,1843,985622
2020-08-30,Aug,Colorado,806,57041,1843,994951
2020-08-31,Aug,Colorado,923,57223,1843,1002802
2020-08-24,Aug,Michigan,674,107686,6663,2554894
2020-08-25,Aug,Michigan,583,108637,6684,2579175
2020-08-26,Aug,Michigan,611,109480,6690,2620352
2020-08-27,Aug,Michigan,672,110343,6706,2650831
2020-08-28,Aug,Michigan,597,111136,6712,2683874
2020-08-29,Aug,Michigan,610,111136,6712,2683874
2020-08-30,Aug,Michigan,512,112526,6748,2744794
2020-08-31,Aug,Michigan,664,113025,6753,2764431
2020-08-24,Aug,Florida,215,602829,10534,4447156
2020-08-24,Aug,Florida,376,602829,10534,4447156
2020-08-24,Aug,Florida,326,602829,10534,4447156
2020-08-25,Aug,Florida,189,605502,10717,4466524
2020-08-25,Aug,Florida,351,605502,10717,4466524
2020-08-25,Aug,Florida,278,605502,10717,4466524
2020-08-26,Aug,Florida,178,608722,10872,4492818
2020-08-26,Aug,Florida,349,608722,10872,4492818
2020-08-26,Aug,Florida,273,608722,10872,4492818
2020-08-27,Aug,Florida,246,611991,11011,4517364
2020-08-27,Aug,Florida,426,611991,11011,4517364
2020-08-27,Aug,Florida,321,611991,11011,4517364
2020-08-28,Aug,Florida,240,615806,11099,4547677
2020-08-28,Aug,Florida,370,615806,11099,4547677
2020-08-28,Aug,Florida,334,615806,11099,4547677
2020-08-29,Aug,Florida,213,619003,11249,4575211
2020-08-29,Aug,Florida,407,619003,11249,4575211
2020-08-29,Aug,Florida,316,619003,11249,4575211
2020-08-30,Aug,Florida,201,621586,11263,4599608
2020-08-30,Aug,Florida,280,621586,11263,4599608
2020-08-30,Aug,Florida,271,621586,11263,4599608
2020-08-31,Aug,Florida,228,623471,11331,4615539
2020-08-31,Aug,Florida,388,623471,11331,4615539
2020-08-31,Aug,Florida,328,623471,11331,4615539
2020-08-24,Aug,Massachuttces,428,126022,8948,2122991
2020-08-25,Aug,Massachuttces,351,126420,8960,2157864
2020-08-26,Aug,Massachuttces,376,126756,8987,2194342
2020-08-27,Aug,Massachuttces,426,127124,9007,2246626
2020-08-28,Aug,Massachuttces,457,127584,9023,2290752
2020-08-29,Aug,Massachuttces,414,128030,9036,2339669
2020-08-30,Aug,Massachuttces,432,128229,9049,2372564
2020-08-31,Aug,Massachuttces,430,128533,9060,2404426
2020-08-24,Aug,Georgia,2166,256253,5156,2205181
2020-08-25,Aug,Georgia,1816,258354,5262,2230850
2020-08-26,Aug,Georgia,1936,260590,5311,2248901
2020-08-27,Aug,Georgia,1973,263074,5393,2268837
2020-08-28,Aug,Georgia,2208,265372,5471,2286984
2020-08-29,Aug,Georgia,1983,267758,5576,2312179
2020-08-30,Aug,Georgia,1550,268973,5604,2327490
2020-08-31,Aug,Georgia,2062,270471,5632,2343634
2020-08-24,Aug,New York,641,430145,25295,7683190
2020-08-24,Aug,New York,219,430145,25295,7683190
2020-08-25,Aug,New York,542,430774,25297,7750445
2020-08-25,Aug,New York,215,430774,25297,7750445
2020-08-26,Aug,New York,565,431340,25305,7821634
2020-08-26,Aug,New York,202,431340,25305,7821634
2020-08-27,Aug,New York,644,432131,25309,7905071
2020-08-27,Aug,New York,218,432131,25309,7905071
2020-08-28,Aug,New York,636,432767,25312,8002897
2020-08-28,Aug,New York,218,432767,25312,8002897
2020-08-29,Aug,New York,593,433402,25319,8096770
2020-08-29,Aug,New York,205,433402,25319,8096770
2020-08-30,Aug,New York,636,434100,25327,8196792
2020-08-30,Aug,New York,182,434100,25327,8196792
2020-08-31,Aug,New York,669,434756,25328,8263033
2020-08-31,Aug,New York,218,434756,25328,8263033
2020-08-24,Aug,California,1113,668615,12152,10652487
2020-08-24,Aug,California,231,668615,12152,10652487
2020-08-24,Aug,California,654,668615,12152,10652487
2020-08-25,Aug,California,1025,673095,12257,10762506
2020-08-25,Aug,California,215,673095,12257,10762506
2020-08-25,Aug,California,612,673095,12257,10762506
2020-08-26,Aug,California,1010,679099,12407,10832757
2020-08-26,Aug,California,207,679099,12407,10832757
2020-08-26,Aug,California,612,679099,12407,10832757
2020-08-27,Aug,California,1063,683529,12550,10918415
2020-08-27,Aug,California,241,683529,12550,10918415
2020-08-27,Aug,California,637,683529,12550,10918415
2020-08-28,Aug,California,1131,688858,12690,11010637
2020-08-28,Aug,California,231,688858,12690,11010637
2020-08-28,Aug,California,634,688858,12690,11010637
2020-08-29,Aug,California,1025,693839,12834,11109630
2020-08-29,Aug,California,228,693839,12834,11109630
2020-08-29,Aug,California,609,693839,12834,11109630
2020-08-30,Aug,California,1110,699909,12905,11231829
2020-08-30,Aug,California,228,699909,12905,11231829
2020-08-30,Aug,California,643,699909,12905,11231829
2020-08-31,Aug,California,1123,704085,12933,11373305
2020-08-31,Aug,California,235,704085,12933,11373305
2020-08-31,Aug,California,641,704085,12933,11373305
2020-08-24,Aug,Nevada,460,66010,1200,576677
2020-08-25,Aug,Nevada,368,66413,1230,579282
2020-08-26,Aug,Nevada,377,66666,1250,581155
2020-08-27,Aug,Nevada,472,67220,1271,584232
2020-08-28,Aug,Nevada,453,67852,1287,588551
2020-08-29,Aug,Nevada,401,68461,1302,592521
2020-08-30,Aug,Nevada,456,68908,1302,595685
2020-08-31,Aug,Nevada,455,69228,1305,597921
2020-08-24,Aug,Minniesota,509,70298,1817,1386513
2020-08-25,Aug,Minniesota,471,70707,1825,1394986
2020-08-26,Aug,Minniesota,470,71236,1842,1406007
2020-08-27,Aug,Minniesota,525,72390,1855,1427347
2020-08-28,Aug,Minniesota,487,73240,1859,1443344
2020-08-29,Aug,Minniesota,476,74257,1863,1460381
2020-08-30,Aug,Minniesota,426,75189,1865,1478432
2020-08-31,Aug,Minniesota,502,75864,1866,1489726
2020-08-24,Aug,New Jersey,475,189719,15901,2676812
2020-08-25,Aug,New Jersey,423,190021,15905,2697895
2020-08-26,Aug,New Jersey,468,190306,15915,2721584
2020-08-27,Aug,New Jersey,444,190613,15922,2748836
2020-08-28,Aug,New Jersey,485,190971,15932,2749194
2020-08-29,Aug,New Jersey,469,191320,15935,2807747
2020-08-30,Aug,New Jersey,466,191611,15939,2836334
2020-08-31,Aug,New Jersey,477,191960,15947,2857918
2020-08-24,Aug,Pennsylvania,418,129474,7579,1562838
2020-08-25,Aug,Pennsylvania,361,130035,7605,1575205
2020-08-26,Aug,Pennsylvania,360,130536,7624,1588178
2020-08-27,Aug,Pennsylvania,441,131156,7635,1602921
2020-08-28,Aug,Pennsylvania,330,131991,7655,1620826
2020-08-29,Aug,Pennsylvania,337,132834,7671,1636942
2020-08-30,Aug,Pennsylvania,327,133504,7673,1649403
2020-08-31,Aug,Pennsylvania,423,134025,7673,1658220
2020-08-24,Aug,Arizona,494,198414,4771,1155629
2020-08-25,Aug,Arizona,450,199273,4792,1160602
2020-08-26,Aug,Arizona,446,199459,4896,1165295
2020-08-27,Aug,Arizona,496,200139,4929,1173293
2020-08-28,Aug,Arizona,496,200658,4978,1182397
2020-08-29,Aug,Arizona,448,201287,5007,1190668
2020-08-30,Aug,Arizona,454,201661,5030,1197728
2020-08-31,Aug,Arizona,477,201835,5029,1202698
2020-08-24,Aug,Utah,468,49364,390,626354
2020-08-25,Aug,Utah,427,49767,397,630599
2020-08-26,Aug,Utah,437,50174,401,637329
2020-08-27,Aug,Utah,482,50557,403,642761
2020-08-28,Aug,Utah,462,50948,407,647745
2020-08-29,Aug,Utah,439,51406,407,650560
2020-08-30,Aug,Utah,406,51854,407,655507
2020-08-31,Aug,Utah,474,52107,407,659855
2020-08-24,Aug,Washington,686,71681,1863,1380050
2020-08-25,Aug,Washington,695,71681,1867,1380050
2020-08-26,Aug,Washington,677,71705,1876,1380104
2020-08-27,Aug,Washington,732,72161,1880,1391309
2020-08-28,Aug,Washington,713,72703,1890,1408164
2020-08-29,Aug,Washington,717,73301,1905,1423771
2020-08-30,Aug,Washington,681,74320,1905,1461354
2020-08-31,Aug,Washington,685,74320,1905,1461354
2020-08-24,Aug,Virginia,413,113630,2471,1479117
2020-08-25,Aug,Virginia,414,114635,2494,1495014
2020-08-26,Aug,Virginia,402,115458,2515,1502521
2020-08-27,Aug,Virginia,448,115458,2515,1502521
2020-08-28,Aug,Virginia,388,117592,2550,1539290
2020-08-29,Aug,Virginia,403,118809,2568,1555487
2020-08-30,Aug,Virginia,404,119747,2569,1568194
2020-08-31,Aug,Virginia,426,120594,2580,1581291
2020-09-01,Sep,Maryland,258,108863,3761,1952501
2020-09-02,Sep,Maryland,260,109319,3766,1964931
2020-09-03,Sep,Maryland,291,110012,3778,1989891
2020-09-04,Sep,Maryland,290,110831,3789,2019324
2020-09-05,Sep,Maryland,254,111607,3796,2047516
2020-09-06,Sep,Maryland,227,112119,3799,2064239
2020-09-07,Sep,Maryland,240,112883,3804,2086609
2020-09-08,Sep,Maryland,222,113239,3807,2099562
2020-09-09,Sep,Maryland,230,113575,3816,2109473
2020-09-10,Sep,Maryland,250,114078,3824,2128024
2020-09-11,Sep,Maryland,257,114724,3828,2150638
2020-09-12,Sep,Maryland,224,115533,3836,2183941
2020-09-13,Sep,Maryland,238,116110,3838,2207458
2020-09-14,Sep,Maryland,248,116646,3839,2226655
2020-09-15,Sep,Maryland,230,117245,3849,2245666
2020-09-16,Sep,Maryland,214,117888,3855,2272265
2020-09-17,Sep,Maryland,184,118519,3861,2299608
2020-09-18,Sep,Maryland,193,119062,3869,2324252
2020-09-19,Sep,Maryland,219,119744,3876,2361383
2020-09-20,Sep,Maryland,243,120156,3879,2390269
2020-09-21,Sep,Maryland,252,120568,3883,2407618
2020-09-22,Sep,Maryland,63,120912,3895,2422067
2020-09-23,Sep,Maryland,202,121297,3902,2441225
2020-09-24,Sep,Maryland,254,121800,3909,2464927
2020-09-25,Sep,Maryland,247,122359,3917,2494019
2020-09-26,Sep,Maryland,228,122972,3925,2525658
2020-09-27,Sep,Maryland,205,123403,3935,2555705
2020-09-28,Sep,Maryland,99,123880,3938,2573607
2020-09-29,Sep,Maryland,214,124311,3946,2588690
2020-09-30,Sep,Maryland,235,124725,3949,2605913
2020-09-01,Sep,North Carolina,463,169424,2741,2295698
2020-09-02,Sep,North Carolina,481,170553,2779,2315310
2020-09-03,Sep,North Carolina,649,172209,2803,2347837
2020-09-04,Sep,North Carolina,659,174254,2839,2389096
2020-09-05,Sep,North Carolina,619,175815,2889,2410871
2020-09-06,Sep,North Carolina,548,176901,2890,2442950
2020-09-07,Sep,North Carolina,553,177919,2897,2459582
2020-09-08,Sep,North Carolina,465,178635,2909,2469977
2020-09-09,Sep,North Carolina,574,179532,2958,2490113
2020-09-10,Sep,North Carolina,618,180754,2990,2521839
2020-09-11,Sep,North Carolina,617,182286,3023,2558654
2020-09-12,Sep,North Carolina,598,183740,3047,2581132
2020-09-13,Sep,North Carolina,606,184936,3052,2616108
2020-09-14,Sep,North Carolina,621,185781,3060,2634819
2020-09-15,Sep,North Carolina,583,186887,3111,2652440
2020-09-16,Sep,North Carolina,570,188024,3149,2683384
2020-09-17,Sep,North Carolina,482,189576,3180,2714175
2020-09-18,Sep,North Carolina,498,191019,3207,2749020
2020-09-19,Sep,North Carolina,603,192248,3235,2771020
2020-09-20,Sep,North Carolina,617,193581,3243,2804818
2020-09-21,Sep,North Carolina,626,194381,3247,2817539
2020-09-22,Sep,North Carolina,190,195549,3286,2824929
2020-09-23,Sep,North Carolina,227,196501,3316,2842427
2020-09-24,Sep,North Carolina,622,198189,3356,2870191
2020-09-25,Sep,North Carolina,625,204331,3409,2907617
2020-09-26,Sep,North Carolina,603,206090,3440,2947803
2020-09-27,Sep,North Carolina,546,207380,3441,2978728
2020-09-28,Sep,North Carolina,308,208248,3445,3004533
2020-09-29,Sep,North Carolina,548,209137,3494,3019586
2020-09-30,Sep,North Carolina,602,210632,3532,3034871
2020-09-01,Sep,Illinois,1769,238217,8273,4088824
2020-09-02,Sep,Illinois,1796,240345,8300,4121575
2020-09-03,Sep,Illinois,2052,241705,8324,4162370
2020-09-04,Sep,Illinois,2064,247299,8362,4311869
2020-09-05,Sep,Illinois,1419,250105,8385,4373804
2020-09-06,Sep,Illinois,1526,251508,8390,4420300
2020-09-07,Sep,Illinois,1945,252889,8398,4449275
2020-09-08,Sep,Illinois,1595,254281,8405,4480638
2020-09-09,Sep,Illinois,1671,255618,8433,4528667
2020-09-10,Sep,Illinois,1713,257571,8461,4577649
2020-09-11,Sep,Illinois,1935,259883,8505,4634477
2020-09-12,Sep,Illinois,1768,262004,8527,4691071
2020-09-13,Sep,Illinois,1730,263466,8541,4737961
2020-09-14,Sep,Illinois,1730,264839,8546,4773891
2020-09-15,Sep,Illinois,1682,266305,8564,4812922
2020-09-16,Sep,Illinois,1506,268246,8599,4865233
2020-09-17,Sep,Illinois,1436,270302,8624,4923033
2020-09-18,Sep,Illinois,1784,272525,8647,4985054
2020-09-19,Sep,Illinois,1791,275054,8672,5059340
2020-09-20,Sep,Illinois,1875,276456,8686,5107351
2020-09-21,Sep,Illinois,1639,277933,8693,5145585
2020-09-22,Sep,Illinois,611,279464,8722,5187414
2020-09-23,Sep,Illinois,1107,281312,8744,5233805
2020-09-24,Sep,Illinois,1782,283569,8774,5295876
2020-09-25,Sep,Illinois,1972,286374,8807,5365960
2020-09-26,Sep,Illinois,1829,288815,8832,5431177
2020-09-27,Sep,Illinois,1522,290419,8845,5481999
2020-09-28,Sep,Illinois,849,292128,8858,5523141
2020-09-29,Sep,Illinois,1695,293490,8881,5568765
2020-09-30,Sep,Illinois,1647,295763,8916,5627311
2020-09-01,Sep,Texas,736,617333,12681,5033554
2020-09-01,Sep,Texas,753,617333,12681,5033554
2020-09-02,Sep,Texas,1261,621667,12870,5068862
2020-09-02,Sep,Texas,645,621667,12870,5068862
2020-09-03,Sep,Texas,1679,625347,13091,5107503
2020-09-03,Sep,Texas,691,625347,13091,5107503
2020-09-04,Sep,Texas,1666,630829,13231,5119753
2020-09-04,Sep,Texas,692,630829,13231,5119753
2020-09-05,Sep,Texas,1250,635315,13408,5183948
2020-09-05,Sep,Texas,488,635315,13408,5183948
2020-09-06,Sep,Texas,1338,638310,13472,5282579
2020-09-06,Sep,Texas,540,638310,13472,5282579
2020-09-07,Sep,Texas,1628,640370,13492,5320999
2020-09-07,Sep,Texas,646,640370,13492,5320999
2020-09-08,Sep,Texas,1297,641791,13553,5339126
2020-09-08,Sep,Texas,637,641791,13553,5339126
2020-09-09,Sep,Texas,1245,645791,13692,5372132
2020-09-09,Sep,Texas,656,645791,13692,5372132
2020-09-10,Sep,Texas,1583,649809,13853,5405257
2020-09-10,Sep,Texas,672,649809,13853,5405257
2020-09-11,Sep,Texas,1560,653356,13997,5454041
2020-09-11,Sep,Texas,741,653356,13997,5454041
2020-09-12,Sep,Texas,1533,657589,14143,5519641
2020-09-12,Sep,Texas,635,657589,14143,5519641
2020-09-13,Sep,Texas,1537,659434,14190,5550139
2020-09-13,Sep,Texas,703,659434,14190,5550139
2020-09-14,Sep,Texas,1533,663445,14211,5213247
2020-09-14,Sep,Texas,645,663445,14211,5213247
2020-09-15,Sep,Texas,1325,668746,14343,5247542
2020-09-15,Sep,Texas,638,668746,14343,5247542
2020-09-16,Sep,Texas,1320,674772,14478,5299620
2020-09-16,Sep,Texas,553,674772,14478,5299620
2020-09-17,Sep,Texas,1323,678819,14590,5345176
2020-09-17,Sep,Texas,583,678819,14590,5345176
2020-09-18,Sep,Texas,1306,682241,14713,5444801
2020-09-18,Sep,Texas,641,682241,14713,5444801
2020-09-19,Sep,Texas,1524,686068,14848,5563176
2020-09-19,Sep,Texas,641,686068,14848,5563176
2020-09-20,Sep,Texas,1545,688534,14893,5593488
2020-09-20,Sep,Texas,689,688534,14893,5593488
2020-09-21,Sep,Texas,1559,698387,14917,5622498
2020-09-21,Sep,Texas,622,698387,14917,5622498
2020-09-22,Sep,Texas,432,716207,14994,5667732
2020-09-22,Sep,Texas,220,716207,14994,5667732
2020-09-23,Sep,Texas,705,719599,15129,5740674
2020-09-23,Sep,Texas,336,719599,15129,5740674
2020-09-24,Sep,Texas,1609,723919,15267,5860833
2020-09-24,Sep,Texas,710,723919,15267,5860833
2020-09-25,Sep,Texas,1549,728552,15364,5913449
2020-09-25,Sep,Texas,732,728552,15364,5913449
2020-09-26,Sep,Texas,1531,733438,15485,5994813
2020-09-26,Sep,Texas,660,733438,15485,5994813
2020-09-27,Sep,Texas,1264,735132,15522,6016907
2020-09-27,Sep,Texas,532,735132,15522,6016907
2020-09-28,Sep,Texas,624,739743,15533,6171755
2020-09-28,Sep,Texas,291,739743,15533,6171755
2020-09-29,Sep,Texas,1341,743284,15604,6200826
2020-09-29,Sep,Texas,667,743284,15604,6200826
2020-09-30,Sep,Texas,1539,748967,15711,6237157
2020-09-30,Sep,Texas,607,748967,15711,6237157
2020-09-01,Sep,Colorado,832,57424,1849,1009970
2020-09-02,Sep,Colorado,813,57775,1853,1014642
2020-09-03,Sep,Colorado,949,58019,1853,1021497
2020-09-04,Sep,Colorado,938,58287,1861,1029791
2020-09-05,Sep,Colorado,782,58655,1866,1040752
2020-09-06,Sep,Colorado,752,58989,1866,1051084
2020-09-07,Sep,Colorado,844,59274,1866,1059557
2020-09-08,Sep,Colorado,541,59487,1866,1069606
2020-09-09,Sep,Colorado,756,59674,1868,1073979
2020-09-10,Sep,Colorado,854,59920,1882,1079276
2020-09-11,Sep,Colorado,882,60185,1889,1087199
2020-09-12,Sep,Colorado,784,60492,1889,1097985
2020-09-13,Sep,Colorado,841,60907,1889,1111572
2020-09-14,Sep,Colorado,834,61324,1889,1124181
2020-09-15,Sep,Colorado,723,61699,1894,1134666
2020-09-16,Sep,Colorado,618,62099,1905,1143941
2020-09-17,Sep,Colorado,686,62686,1905,1153853
2020-09-18,Sep,Colorado,730,63145,1911,1166910
2020-09-19,Sep,Colorado,762,63750,1913,1181829
2020-09-20,Sep,Colorado,828,64356,1913,1195379
2020-09-21,Sep,Colorado,856,64857,1913,1208425
2020-09-22,Sep,Colorado,238,65399,1914,1219137
2020-09-23,Sep,Colorado,778,66053,1926,1232288
2020-09-24,Sep,Colorado,875,66669,1926,1245745
2020-09-25,Sep,Colorado,878,67217,1935,1260861
2020-09-26,Sep,Colorado,780,67926,1940,1277613
2020-09-27,Sep,Colorado,749,68510,1940,1295655
2020-09-28,Sep,Colorado,363,69079,1940,1313403
2020-09-29,Sep,Colorado,747,69490,1945,1326642
2020-09-30,Sep,Colorado,775,70025,1952,1341180
2020-09-01,Sep,Michigan,574,113820,6767,2789407
2020-09-02,Sep,Michigan,637,114468,6781,2816816
2020-09-03,Sep,Michigan,676,115242,6791,2849451
2020-09-04,Sep,Michigan,729,116295,6798,2877981
2020-09-05,Sep,Michigan,653,117191,6806,2919002
2020-09-06,Sep,Michigan,615,117191,6806,2919002
2020-09-07,Sep,Michigan,688,118403,6810,2962678
2020-09-08,Sep,Michigan,526,118902,6811,2980084
2020-09-09,Sep,Michigan,597,119863,6887,3003277
2020-09-10,Sep,Michigan,717,120846,6894,3036448
2020-09-11,Sep,Michigan,665,122251,6900,3072786
2020-09-12,Sep,Michigan,707,123058,6911,3110610
2020-09-13,Sep,Michigan,647,123058,6911,3110610
2020-09-14,Sep,Michigan,703,124287,6921,3162087
2020-09-15,Sep,Michigan,563,124969,6932,3187621
2020-09-16,Sep,Michigan,506,125742,6943,3218461
2020-09-17,Sep,Michigan,547,126722,6955,3251731
2020-09-18,Sep,Michigan,576,127500,6954,3285030
2020-09-19,Sep,Michigan,606,128087,6969,3318469
2020-09-20,Sep,Michigan,659,128087,6969,3318469
2020-09-21,Sep,Michigan,706,129662,6981,3370667
2020-09-22,Sep,Michigan,160,130357,6997,3390878
2020-09-23,Sep,Michigan,495,131259,7013,3425107
2020-09-24,Sep,Michigan,703,132337,7019,3462824
2020-09-25,Sep,Michigan,666,133377,7027,3502312
2020-09-26,Sep,Michigan,713,134373,7044,3543057
2020-09-27,Sep,Michigan,586,134373,7044,3543057
2020-09-28,Sep,Michigan,286,135702,7051,3593990
2020-09-29,Sep,Michigan,567,136820,7072,3618084
2020-09-30,Sep,Michigan,601,138014,7083,3647862
2020-09-01,Sep,Florida,182,631040,11521,4675866
2020-09-01,Sep,Florida,355,631040,11521,4675866
2020-09-01,Sep,Florida,273,631040,11521,4675866
2020-09-02,Sep,Florida,186,633442,11651,4693802
2020-09-02,Sep,Florida,408,633442,11651,4693802
2020-09-02,Sep,Florida,296,633442,11651,4693802
2020-09-03,Sep,Florida,247,637013,11800,4717696
2020-09-03,Sep,Florida,393,637013,11800,4717696
2020-09-03,Sep,Florida,344,637013,11800,4717696
2020-09-04,Sep,Florida,262,640211,11903,4740007
2020-09-04,Sep,Florida,432,640211,11903,4740007
2020-09-04,Sep,Florida,349,640211,11903,4740007
2020-09-05,Sep,Florida,206,643867,11963,4763807
2020-09-05,Sep,Florida,376,643867,11963,4763807
2020-09-05,Sep,Florida,303,643867,11963,4763807
2020-09-06,Sep,Florida,230,646431,12001,4784770
2020-09-06,Sep,Florida,326,646431,12001,4784770
2020-09-06,Sep,Florida,293,646431,12001,4784770
2020-09-07,Sep,Florida,240,648269,12023,4801684
2020-09-07,Sep,Florida,376,648269,12023,4801684
2020-09-07,Sep,Florida,315,648269,12023,4801684
2020-09-08,Sep,Florida,173,650092,12067,4816873
2020-09-08,Sep,Florida,341,650092,12067,4816873
2020-09-08,Sep,Florida,245,650092,12067,4816873
2020-09-09,Sep,Florida,184,652148,12269,4831248
2020-09-09,Sep,Florida,256,652148,12269,4831248
2020-09-09,Sep,Florida,221,652148,12269,4831248
2020-09-10,Sep,Florida,241,654731,12482,4850259
2020-09-10,Sep,Florida,385,654731,12482,4850259
2020-09-10,Sep,Florida,304,654731,12482,4850259
2020-09-11,Sep,Florida,230,658381,12658,4876756
2020-09-11,Sep,Florida,445,658381,12658,4876756
2020-09-11,Sep,Florida,320,658381,12658,4876756
2020-09-12,Sep,Florida,196,661571,12756,4901680
2020-09-12,Sep,Florida,386,661571,12756,4901680
2020-09-12,Sep,Florida,282,661571,12756,4901680
2020-09-13,Sep,Florida,228,663994,12764,4923930
2020-09-13,Sep,Florida,365,663994,12764,4923930
2020-09-13,Sep,Florida,303,663994,12764,4923930
2020-09-14,Sep,Florida,212,665730,12800,4941008
2020-09-14,Sep,Florida,385,665730,12800,4941008
2020-09-14,Sep,Florida,294,665730,12800,4941008
2020-09-15,Sep,Florida,167,668846,12946,4968847
2020-09-15,Sep,Florida,255,668846,12946,4968847
2020-09-15,Sep,Florida,231,668846,12946,4968847
2020-09-16,Sep,Florida,167,671201,13100,4984023
2020-09-16,Sep,Florida,197,671201,13100,4984023
2020-09-16,Sep,Florida,218,671201,13100,4984023
2020-09-17,Sep,Florida,196,674456,13247,5010973
2020-09-17,Sep,Florida,346,674456,13247,5010973
2020-09-17,Sep,Florida,220,674456,13247,5010973
2020-09-18,Sep,Florida,182,677660,13387,5038261
2020-09-18,Sep,Florida,339,677660,13387,5038261
2020-09-18,Sep,Florida,231,677660,13387,5038261
2020-09-19,Sep,Florida,188,681233,13450,5068554
2020-09-19,Sep,Florida,355,681233,13450,5068554
2020-09-19,Sep,Florida,286,681233,13450,5068554
2020-09-20,Sep,Florida,235,683754,13459,5095089
2020-09-20,Sep,Florida,430,683754,13459,5095089
2020-09-20,Sep,Florida,315,683754,13459,5095089
2020-09-21,Sep,Florida,222,685439,13480,5113260
2020-09-21,Sep,Florida,347,685439,13480,5113260
2020-09-21,Sep,Florida,304,685439,13480,5113260
2020-09-22,Sep,Florida,49,687909,13579,5132342
2020-09-22,Sep,Florida,90,687909,13579,5132342
2020-09-22,Sep,Florida,63,687909,13579,5132342
2020-09-23,Sep,Florida,68,690499,13782,5155980
2020-09-23,Sep,Florida,163,690499,13782,5155980
2020-09-23,Sep,Florida,224,690499,13782,5155980
2020-09-24,Sep,Florida,250,693040,13961,5179499
2020-09-24,Sep,Florida,443,693040,13961,5179499
2020-09-24,Sep,Florida,322,693040,13961,5179499
2020-09-25,Sep,Florida,238,695887,14083,5205994
2020-09-25,Sep,Florida,444,695887,14083,5205994
2020-09-25,Sep,Florida,335,695887,14083,5205994
2020-09-26,Sep,Florida,198,698682,14190,5235007
2020-09-26,Sep,Florida,367,698682,14190,5235007
2020-09-26,Sep,Florida,280,698682,14190,5235007
2020-09-27,Sep,Florida,216,700564,14202,5253441
2020-09-27,Sep,Florida,396,700564,14202,5253441
2020-09-27,Sep,Florida,281,700564,14202,5253441
2020-09-28,Sep,Florida,94,701302,14207,5261672
2020-09-28,Sep,Florida,142,701302,14207,5261672
2020-09-28,Sep,Florida,116,701302,14207,5261672
2020-09-29,Sep,Florida,174,704568,14313,5290116
2020-09-29,Sep,Florida,244,704568,14313,5290116
2020-09-29,Sep,Florida,234,704568,14313,5290116
2020-09-30,Sep,Florida,192,706516,14488,5301184
2020-09-30,Sep,Florida,251,706516,14488,5301184
2020-09-30,Sep,Florida,257,706516,14488,5301184
2020-09-01,Sep,Massachuttces,391,128888,9064,2448341
2020-09-02,Sep,Massachuttces,414,121131,9060,2478482
2020-09-03,Sep,Massachuttces,465,121546,9077,2560869
2020-09-04,Sep,Massachuttces,480,121758,9100,2600312
2020-09-05,Sep,Massachuttces,372,122196,9116,2660462
2020-09-06,Sep,Massachuttces,443,122562,9125,2704512
2020-09-07,Sep,Massachuttces,412,122791,9133,2728153
2020-09-08,Sep,Massachuttces,374,122962,9141,2758384
2020-09-09,Sep,Massachuttces,386,123143,9146,2798585
2020-09-10,Sep,Massachuttces,431,123546,9166,2852550
2020-09-11,Sep,Massachuttces,463,123986,9180,2905353
2020-09-12,Sep,Massachuttces,411,124540,9196,2968723
2020-09-13,Sep,Massachuttces,485,124826,9210,3006158
2020-09-14,Sep,Massachuttces,417,125080,9219,3038625
2020-09-15,Sep,Massachuttces,365,125393,9225,3075812
2020-09-16,Sep,Massachuttces,303,125699,9245,3131714
2020-09-17,Sep,Massachuttces,354,126128,9260,3199563
2020-09-18,Sep,Massachuttces,433,126582,9269,3264873
2020-09-19,Sep,Massachuttces,385,127181,9295,3337292
2020-09-20,Sep,Massachuttces,443,127540,9310,3399512
2020-09-21,Sep,Massachuttces,398,127796,9317,3436161
2020-09-22,Sep,Massachuttces,100,127969,9328,3476679
2020-09-23,Sep,Massachuttces,337,128512,9347,3557548
2020-09-24,Sep,Massachuttces,445,128993,9362,3642716
2020-09-25,Sep,Massachuttces,455,129481,9373,3706728
2020-09-26,Sep,Massachuttces,397,130050,9391,3780020
2020-09-27,Sep,Massachuttces,405,130642,9404,3881846
2020-09-28,Sep,Massachuttces,143,131072,9415,3931219
2020-09-29,Sep,Massachuttces,364,131584,9423,3988224
2020-09-30,Sep,Massachuttces,367,132116,9456,4050617
2020-09-01,Sep,Georgia,1829,272697,5733,2368498
2020-09-02,Sep,Georgia,1921,274613,5795,2381637
2020-09-03,Sep,Georgia,2004,277288,5868,2410665
2020-09-04,Sep,Georgia,2189,279354,5931,2432125
2020-09-05,Sep,Georgia,1964,281548,5977,2460729
2020-09-06,Sep,Georgia,2044,283199,6037,2479568
2020-09-07,Sep,Georgia,2175,283807,6044,2488841
2020-09-08,Sep,Georgia,1759,285350,6070,2511826
2020-09-09,Sep,Georgia,1961,287287,6128,2527779
2020-09-10,Sep,Georgia,2057,289123,6204,2542594
2020-09-11,Sep,Georgia,2265,290781,6246,2558319
2020-09-12,Sep,Georgia,2022,292905,6287,2584257
2020-09-13,Sep,Georgia,2227,294314,6333,2602202
2020-09-14,Sep,Georgia,2143,295337,6353,2615247
2020-09-15,Sep,Georgia,1947,296833,6398,2629090
2020-09-16,Sep,Georgia,1807,299056,6419,2654121
2020-09-17,Sep,Georgia,1911,300903,6474,2679891
2020-09-18,Sep,Georgia,2248,302737,6537,2701952
2020-09-19,Sep,Georgia,2010,305021,6599,2735389
2020-09-20,Sep,Georgia,2308,306155,6602,2750822
2020-09-21,Sep,Georgia,2093,307339,6604,2770863
2020-09-22,Sep,Georgia,606,308221,6677,2783427
2020-09-23,Sep,Georgia,626,309678,6773,2803215
2020-09-24,Sep,Georgia,2023,311046,6822,2824816
2020-09-25,Sep,Georgia,2349,312514,6874,2847494
2020-09-26,Sep,Georgia,2020,313873,6914,2872355
2020-09-27,Sep,Georgia,2019,314685,6946,2886269
2020-09-28,Sep,Georgia,947,315281,6961,2898498
2020-09-29,Sep,Georgia,1987,316306,6994,2910833
2020-09-30,Sep,Georgia,1965,318026,7021,2933679
2020-09-01,Sep,New York,547,435510,25331,8340030
2020-09-01,Sep,New York,206,435510,25331,8340030
2020-09-02,Sep,New York,579,436218,25336,8428477
2020-09-02,Sep,New York,212,436218,25336,8428477
2020-09-03,Sep,New York,780,437107,25343,8517458
2020-09-03,Sep,New York,226,437107,25343,8517458
2020-09-04,Sep,New York,717,437971,25348,8610853
2020-09-04,Sep,New York,251,437971,25348,8610853
2020-09-05,Sep,New York,641,438772,25350,8710614
2020-09-05,Sep,New York,215,438772,25350,8710614
2020-09-06,Sep,New York,734,439501,25359,8796244
2020-09-06,Sep,New York,201,439501,25359,8796244
2020-09-07,Sep,New York,692,440021,25361,8855109
2020-09-07,Sep,New York,214,440021,25361,8855109
2020-09-08,Sep,New York,571,440578,25367,8912935
2020-09-08,Sep,New York,212,440578,25367,8912935
2020-09-09,Sep,New York,593,441154,25370,8976165
2020-09-09,Sep,New York,194,441154,25370,8976165
2020-09-10,Sep,New York,785,441911,25377,9052978
2020-09-10,Sep,New York,213,441911,25377,9052978
2020-09-11,Sep,New York,695,442791,25382,9142700
2020-09-11,Sep,New York,208,442791,25382,9142700
2020-09-12,Sep,New York,652,443640,25384,9245625
2020-09-12,Sep,New York,204,443640,25384,9245625
2020-09-13,Sep,New York,737,444365,25390,9318293
2020-09-13,Sep,New York,216,444365,25390,9318293
2020-09-14,Sep,New York,694,444948,25394,9381651
2020-09-14,Sep,New York,214,444948,25394,9381651
2020-09-15,Sep,New York,620,445714,25405,9455329
2020-09-15,Sep,New York,201,445714,25405,9455329
2020-09-16,Sep,New York,555,446366,25410,9530416
2020-09-16,Sep,New York,187,446366,25410,9530416
2020-09-17,Sep,New York,703,447262,25413,9621920
2020-09-17,Sep,New York,156,447262,25413,9621920
2020-09-18,Sep,New York,643,448052,25423,9711647
2020-09-18,Sep,New York,163,448052,25423,9711647
2020-09-19,Sep,New York,623,449038,25425,9822091
2020-09-19,Sep,New York,198,449038,25425,9822091
2020-09-20,Sep,New York,784,449900,25427,9922446
2020-09-20,Sep,New York,215,449900,25427,9922446
2020-09-21,Sep,New York,679,450473,25428,9980765
2020-09-21,Sep,New York,209,450473,25428,9980765
2020-09-22,Sep,New York,292,451227,25432,10064762
2020-09-22,Sep,New York,51,451227,25432,10064762
2020-09-23,Sep,New York,336,451892,25437,10135692
2020-09-23,Sep,New York,96,451892,25437,10135692
2020-09-24,Sep,New York,760,452847,25439,10228645
2020-09-24,Sep,New York,210,452847,25439,10228645
2020-09-25,Sep,New York,710,453755,25446,10323463
2020-09-25,Sep,New York,215,453755,25446,10323463
2020-09-26,Sep,New York,681,454760,25450,10423416
2020-09-26,Sep,New York,204,454760,25450,10423416
2020-09-27,Sep,New York,599,455626,25456,10508186
2020-09-27,Sep,New York,192,455626,25456,10508186
2020-09-28,Sep,New York,293,456460,25468,10561122
2020-09-28,Sep,New York,84,456460,25468,10561122
2020-09-29,Sep,New York,590,457649,25470,10649353
2020-09-29,Sep,New York,200,457649,25470,10649353
2020-09-30,Sep,New York,594,458649,25479,10747313
2020-09-30,Sep,New York,214,458649,25479,10747313
2020-09-01,Sep,California,1063,707797,13018,11470696
2020-09-01,Sep,California,201,707797,13018,11470696
2020-09-01,Sep,California,661,707797,13018,11470696
2020-09-02,Sep,California,1086,712052,13163,11580370
2020-09-02,Sep,California,229,712052,13163,11580370
2020-09-02,Sep,California,616,712052,13163,11580370
2020-09-03,Sep,California,1120,717177,13327,11663924
2020-09-03,Sep,California,248,717177,13327,11663924
2020-09-03,Sep,California,718,717177,13327,11663924
2020-09-04,Sep,California,1220,722283,13490,11796970
2020-09-04,Sep,California,250,722283,13490,11796970
2020-09-04,Sep,California,669,722283,13490,11796970
2020-09-05,Sep,California,1056,727239,13643,11916323
2020-09-05,Sep,California,197,727239,13643,11916323
2020-09-05,Sep,California,652,727239,13643,11916323
2020-09-06,Sep,California,1059,732144,13709,12047191
2020-09-06,Sep,California,187,732144,13709,12047191
2020-09-06,Sep,California,648,732144,13709,12047191
2020-09-07,Sep,California,1107,735235,13726,12158292
2020-09-07,Sep,California,225,735235,13726,12158292
2020-09-07,Sep,California,695,735235,13726,12158292
2020-09-08,Sep,California,936,737911,13758,12267948
2020-09-08,Sep,California,186,737911,13758,12267948
2020-09-08,Sep,California,598,737911,13758,12267948
2020-09-09,Sep,California,1005,739527,13841,12343797
2020-09-09,Sep,California,191,739527,13841,12343797
2020-09-09,Sep,California,635,739527,13841,12343797
2020-09-10,Sep,California,1078,742865,13978,12389991
2020-09-10,Sep,California,211,742865,13978,12389991
2020-09-10,Sep,California,663,742865,13978,12389991
2020-09-11,Sep,California,1163,746191,14089,12451660
2020-09-11,Sep,California,207,746191,14089,12451660
2020-09-11,Sep,California,651,746191,14089,12451660
2020-09-12,Sep,California,1080,750298,14251,12556967
2020-09-12,Sep,California,188,750298,14251,12556967
2020-09-12,Sep,California,622,750298,14251,12556967
2020-09-13,Sep,California,1131,754923,14329,12690016
2020-09-13,Sep,California,204,754923,14329,12690016
2020-09-13,Sep,California,680,754923,14329,12690016
2020-09-14,Sep,California,1103,757778,14385,12806189
2020-09-14,Sep,California,206,757778,14385,12806189
2020-09-14,Sep,California,630,757778,14385,12806189
2020-09-15,Sep,California,974,760013,14451,12928170
2020-09-15,Sep,California,186,760013,14451,12928170
2020-09-15,Sep,California,603,760013,14451,12928170
2020-09-16,Sep,California,828,762963,14615,13000522
2020-09-16,Sep,California,169,762963,14615,13000522
2020-09-16,Sep,California,501,762963,14615,13000522
2020-09-17,Sep,California,1012,766201,14721,13080037
2020-09-17,Sep,California,197,766201,14721,13080037
2020-09-17,Sep,California,573,766201,14721,13080037
2020-09-18,Sep,California,1068,769831,14812,13177186
2020-09-18,Sep,California,206,769831,14812,13177186
2020-09-18,Sep,California,600,769831,14812,13177186
2020-09-19,Sep,California,1037,774135,14912,13343886
2020-09-19,Sep,California,187,774135,14912,13343886
2020-09-19,Sep,California,630,774135,14912,13343886
2020-09-20,Sep,California,1096,778400,14987,13523158
2020-09-20,Sep,California,203,778400,14987,13523158
2020-09-20,Sep,California,681,778400,14987,13523158
2020-09-21,Sep,California,997,781694,15018,13672782
2020-09-21,Sep,California,193,781694,15018,13672782
2020-09-21,Sep,California,657,781694,15018,13672782
2020-09-22,Sep,California,260,784324,15071,13804055
2020-09-22,Sep,California,67,784324,15071,13804055
2020-09-22,Sep,California,266,784324,15071,13804055
2020-09-23,Sep,California,540,787470,15204,13879423
2020-09-23,Sep,California,151,787470,15204,13879423
2020-09-23,Sep,California,585,787470,15204,13879423
2020-09-24,Sep,California,1029,790640,15314,13952857
2020-09-24,Sep,California,215,790640,15314,13952857
2020-09-24,Sep,California,660,790640,15314,13952857
2020-09-25,Sep,California,1086,794040,15398,14052247
2020-09-25,Sep,California,212,794040,15398,14052247
2020-09-25,Sep,California,631,794040,15398,14052247
2020-09-26,Sep,California,976,798237,15532,14182730
2020-09-26,Sep,California,188,798237,15532,14182730
2020-09-26,Sep,California,639,798237,15532,14182730
2020-09-27,Sep,California,969,802308,15587,14333498
2020-09-27,Sep,California,153,802308,15587,14333498
2020-09-27,Sep,California,598,802308,15587,14333498
2020-09-28,Sep,California,347,805263,15608,14484852
2020-09-28,Sep,California,37,805263,15608,14484852
2020-09-28,Sep,California,227,805263,15608,14484852
2020-09-29,Sep,California,915,807425,15640,14613545
2020-09-29,Sep,California,183,807425,15640,14613545
2020-09-29,Sep,California,596,807425,15640,14613545
2020-09-30,Sep,California,929,810625,15792,14705202
2020-09-30,Sep,California,197,810625,15792,14705202
2020-09-30,Sep,California,603,810625,15792,14705202
2020-09-01,Sep,Nevada,364,69633,1313,600349
2020-09-02,Sep,Nevada,373,69872,1336,602308
2020-09-03,Sep,Nevada,500,70223,1363,605268
2020-09-04,Sep,Nevada,525,70712,1375,608815
2020-09-05,Sep,Nevada,396,71102,1388,613004
2020-09-06,Sep,Nevada,456,71610,1389,619482
2020-09-07,Sep,Nevada,466,71967,1393,622642
2020-09-08,Sep,Nevada,350,72104,1393,624052
2020-09-09,Sep,Nevada,319,72258,1412,624874
2020-09-10,Sep,Nevada,454,72546,1429,627319
2020-09-11,Sep,Nevada,440,72806,1439,633282
2020-09-12,Sep,Nevada,357,73220,1449,637902
2020-09-13,Sep,Nevada,438,73537,1452,642075
2020-09-14,Sep,Nevada,418,73814,1456,644871
2020-09-15,Sep,Nevada,317,74040,1482,646536
2020-09-16,Sep,Nevada,259,74248,1494,649533
2020-09-17,Sep,Nevada,408,74595,1506,652583
2020-09-18,Sep,Nevada,434,75096,1524,656601
2020-09-19,Sep,Nevada,355,75419,1528,660686
2020-09-20,Sep,Nevada,451,75804,1531,665184
2020-09-21,Sep,Nevada,423,76036,1531,666792
2020-09-22,Sep,Nevada,54,76298,1546,669074
2020-09-23,Sep,Nevada,208,76807,1556,671924
2020-09-24,Sep,Nevada,446,77197,1564,675488
2020-09-25,Sep,Nevada,452,77753,1573,681336
2020-09-26,Sep,Nevada,350,78355,1582,685678
2020-09-27,Sep,Nevada,365,78728,1585,688956
2020-09-28,Sep,Nevada,91,79191,1585,692673
2020-09-29,Sep,Nevada,315,79595,1593,695720
2020-09-30,Sep,Nevada,321,79980,1600,698096
2020-09-01,Sep,Minniesota,450,76355,1872,1498919
2020-09-02,Sep,Minniesota,475,77085,1882,1525555
2020-09-03,Sep,Minniesota,540,78123,1889,1540107
2020-09-04,Sep,Minniesota,524,78966,1899,1558831
2020-09-05,Sep,Minniesota,441,79880,1903,1577466
2020-09-06,Sep,Minniesota,474,80587,1909,1594639
2020-09-07,Sep,Minniesota,506,81225,1912,1609618
2020-09-08,Sep,Minniesota,432,81608,1914,1616738
2020-09-09,Sep,Minniesota,454,81868,1921,1621174
2020-09-10,Sep,Minniesota,483,82249,1936,1646961
2020-09-11,Sep,Minniesota,498,82716,1949,1665328
2020-09-12,Sep,Minniesota,463,83588,1958,1684520
2020-09-13,Sep,Minniesota,482,84311,1971,1707514
2020-09-14,Sep,Minniesota,493,84949,1974,1724779
2020-09-15,Sep,Minniesota,452,85351,1979,1733292
2020-09-16,Sep,Minniesota,417,85813,1985,1743611
2020-09-17,Sep,Minniesota,412,86722,1994,1763735
2020-09-18,Sep,Minniesota,417,87807,2002,1791680
2020-09-19,Sep,Minniesota,442,88721,2015,1815774
2020-09-20,Sep,Minniesota,483,90017,2017,1838392
2020-09-21,Sep,Minniesota,478,90942,2021,1855308
2020-09-22,Sep,Minniesota,122,91422,2031,1863694
2020-09-23,Sep,Minniesota,193,92100,2037,1873867
2020-09-24,Sep,Minniesota,491,93012,2040,1895302
2020-09-25,Sep,Minniesota,490,94189,2046,1924020
2020-09-26,Sep,Minniesota,453,95659,2056,1954715
2020-09-27,Sep,Minniesota,461,96734,2060,1981100
2020-09-28,Sep,Minniesota,183,97638,2067,2003115
2020-09-29,Sep,Minniesota,447,98447,2072,2017350
2020-09-30,Sep,Minniesota,442,99134,2089,2030167
2020-09-01,Sep,New Jersey,473,192290,15952,2859048
2020-09-02,Sep,New Jersey,462,192595,15963,2902267
2020-09-03,Sep,New Jersey,561,192973,15970,2930015
2020-09-04,Sep,New Jersey,545,193422,15977,2964722
2020-09-05,Sep,New Jersey,449,193747,15984,2965047
2020-09-06,Sep,New Jersey,484,194058,15988,3002307
2020-09-07,Sep,New Jersey,488,194390,15990,3054528
2020-09-08,Sep,New Jersey,396,194667,15995,3070746
2020-09-09,Sep,New Jersey,418,194990,16003,3091149
2020-09-10,Sep,New Jersey,538,195414,16008,3113654
2020-09-11,Sep,New Jersey,527,195888,16017,3140786
2020-09-12,Sep,New Jersey,483,196337,16021,3141235
2020-09-13,Sep,New Jersey,513,196634,16026,3168530
2020-09-14,Sep,New Jersey,493,196968,16030,3189970
2020-09-15,Sep,New Jersey,405,197404,16039,3212311
2020-09-16,Sep,New Jersey,350,197792,16048,3234972
2020-09-17,Sep,New Jersey,440,198361,16051,3265818
2020-09-18,Sep,New Jersey,445,198848,16055,3291916
2020-09-19,Sep,New Jersey,511,199309,16058,3292377
2020-09-20,Sep,New Jersey,529,199762,16061,3352791
2020-09-21,Sep,New Jersey,520,200154,16063,3353183
2020-09-22,Sep,New Jersey,147,200580,16070,3397649
2020-09-23,Sep,New Jersey,192,200988,16078,3422747
2020-09-24,Sep,New Jersey,552,201552,16087,3451804
2020-09-25,Sep,New Jersey,538,202100,16093,3478711
2020-09-26,Sep,New Jersey,502,202850,16099,3512568
2020-09-27,Sep,New Jersey,443,203548,16105,3513266
2020-09-28,Sep,New Jersey,221,204107,16103,3566304
2020-09-29,Sep,New Jersey,405,204563,16113,3566760
2020-09-30,Sep,New Jersey,434,205275,16122,3613032
2020-09-01,Sep,Pennsylvania,371,134795,7691,1674764
2020-09-02,Sep,Pennsylvania,355,135611,7712,1687696
2020-09-03,Sep,Pennsylvania,443,136771,7732,1702214
2020-09-04,Sep,Pennsylvania,422,137662,7742,1714541
2020-09-05,Sep,Pennsylvania,328,138625,7760,1727706
2020-09-06,Sep,Pennsylvania,307,139316,7760,1738615
2020-09-07,Sep,Pennsylvania,367,139863,7780,1748241
2020-09-08,Sep,Pennsylvania,328,140359,7791,1755076
2020-09-09,Sep,Pennsylvania,302,141290,7805,1766930
2020-09-10,Sep,Pennsylvania,337,141877,7820,1781226
2020-09-11,Sep,Pennsylvania,298,142885,7837,1794913
2020-09-12,Sep,Pennsylvania,170,143805,7837,1807805
2020-09-13,Sep,Pennsylvania,276,143881,7837,1807881
2020-09-14,Sep,Pennsylvania,309,145063,7869,1829672
2020-09-15,Sep,Pennsylvania,198,146214,7875,1841498
2020-09-16,Sep,Pennsylvania,340,146990,7903,1855121
2020-09-17,Sep,Pennsylvania,284,147923,7913,1869198
2020-09-18,Sep,Pennsylvania,303,148683,7934,1881488
2020-09-19,Sep,Pennsylvania,170,149845,7956,1896125
2020-09-20,Sep,Pennsylvania,306,150578,7981,1908910
2020-09-21,Sep,Pennsylvania,396,150812,8004,1917993
2020-09-22,Sep,Pennsylvania,52,151646,8023,1929562
2020-09-23,Sep,Pennsylvania,140,152544,8062,1942956
2020-09-24,Sep,Pennsylvania,343,153397,8079,1956867
2020-09-25,Sep,Pennsylvania,376,154203,8081,1970600
2020-09-26,Sep,Pennsylvania,180,155232,8103,1985524
2020-09-27,Sep,Pennsylvania,289,156150,8106,2001220
2020-09-28,Sep,Pennsylvania,129,156826,8107,2012317
2020-09-29,Sep,Pennsylvania,196,157814,8123,2024575
2020-09-30,Sep,Pennsylvania,379,158967,8142,2038094
2020-09-01,Sep,Arizona,446,202342,5044,1207256
2020-09-02,Sep,Arizona,476,202861,5065,1212177
2020-09-03,Sep,Arizona,529,203953,5130,1221089
2020-09-04,Sep,Arizona,536,204681,5171,1235142
2020-09-05,Sep,Arizona,397,205516,5207,1250981
2020-09-06,Sep,Arizona,379,205766,5221,1257221
2020-09-07,Sep,Arizona,445,205964,5219,1261590
2020-09-08,Sep,Arizona,403,206045,5221,1264793
2020-09-09,Sep,Arizona,459,206541,5251,1267371
2020-09-10,Sep,Arizona,506,207002,5273,1270873
2020-09-11,Sep,Arizona,513,207523,5288,1277543
2020-09-12,Sep,Arizona,448,208128,5315,1286824
2020-09-13,Sep,Arizona,471,208512,5322,1296137
2020-09-14,Sep,Arizona,486,208725,5322,1300664
2020-09-15,Sep,Arizona,456,209209,5344,1310315
2020-09-16,Sep,Arizona,397,209907,5371,1326272
2020-09-17,Sep,Arizona,441,211660,5409,1350116
2020-09-18,Sep,Arizona,477,212942,5451,1358154
2020-09-19,Sep,Arizona,447,213551,5467,1368906
2020-09-20,Sep,Arizona,477,214018,5476,1379607
2020-09-21,Sep,Arizona,489,214251,5478,1386627
2020-09-22,Sep,Arizona,101,214846,5498,1396418
2020-09-23,Sep,Arizona,258,215284,5525,1405502
2020-09-24,Sep,Arizona,505,215852,5559,1415991
2020-09-25,Sep,Arizona,505,216367,5587,1423603
2020-09-26,Sep,Arizona,450,216826,5622,1434227
2020-09-27,Sep,Arizona,423,217237,5623,1443323
2020-09-28,Sep,Arizona,169,217510,5623,1448712
2020-09-29,Sep,Arizona,459,218184,5632,1453528
2020-09-30,Sep,Arizona,467,218507,5650,1457575
2020-09-01,Sep,Utah,432,52403,409,664521
2020-09-02,Sep,Utah,446,52822,410,668425
2020-09-03,Sep,Utah,495,53326,414,673659
2020-09-04,Sep,Utah,481,53839,419,679716
2020-09-05,Sep,Utah,413,54272,420,683965
2020-09-06,Sep,Utah,422,54660,422,688735
2020-09-07,Sep,Utah,441,55033,423,691743
2020-09-08,Sep,Utah,316,55359,424,695347
2020-09-09,Sep,Utah,425,55673,427,698541
2020-09-10,Sep,Utah,470,56019,430,703766
2020-09-11,Sep,Utah,455,56675,431,707807
2020-09-12,Sep,Utah,414,57247,433,712229
2020-09-13,Sep,Utah,423,57875,433,716873
2020-09-14,Sep,Utah,442,58438,436,721682
2020-09-15,Sep,Utah,439,59000,436,725612
2020-09-16,Sep,Utah,334,59747,437,729731
2020-09-17,Sep,Utah,310,60658,437,735178
2020-09-18,Sep,Utah,369,61775,437,743737
2020-09-19,Sep,Utah,400,62852,440,751950
2020-09-20,Sep,Utah,422,63772,440,758165
2020-09-21,Sep,Utah,434,64394,441,762051
2020-09-22,Sep,Utah,92,65044,443,768959
2020-09-23,Sep,Utah,228,65921,444,775858
2020-09-24,Sep,Utah,451,67119,444,784975
2020-09-25,Sep,Utah,453,68530,448,795217
2020-09-26,Sep,Utah,427,69547,448,805079
2020-09-27,Sep,Utah,372,70615,453,811249
2020-09-28,Sep,Utah,161,71442,453,817461
2020-09-29,Sep,Utah,424,72136,457,821864
2020-09-30,Sep,Utah,435,73042,459,829970
2020-09-01,Sep,Washington,747,74635,1915,1473245
2020-09-02,Sep,Washington,708,74939,1931,1480039
2020-09-03,Sep,Washington,800,75377,1935,1496353
2020-09-04,Sep,Washington,803,75856,1945,1518089
2020-09-05,Sep,Washington,761,76335,1953,1534090
2020-09-06,Sep,Washington,739,76836,1953,1550477
2020-09-07,Sep,Washington,766,77235,1953,1563053
2020-09-08,Sep,Washington,727,77235,1953,1563053
2020-09-09,Sep,Washington,741,78009,1978,1583903
2020-09-10,Sep,Washington,703,78467,1985,1597987
2020-09-11,Sep,Washington,738,79011,1991,1614748
2020-09-12,Sep,Washington,650,79476,1991,1631162
2020-09-13,Sep,Washington,631,79826,1991,1644585
2020-09-14,Sep,Washington,654,80138,2006,1653967
2020-09-15,Sep,Washington,615,80465,2015,1665715
2020-09-16,Sep,Washington,662,80812,2020,1676702
2020-09-17,Sep,Washington,654,81198,2031,1691047
2020-09-18,Sep,Washington,684,81602,2037,1704670
2020-09-19,Sep,Washington,725,81602,2037,1704670
2020-09-20,Sep,Washington,680,82199,2037,1723040
2020-09-21,Sep,Washington,718,82548,2037,1736556
2020-09-22,Sep,Washington,320,83193,2070,1740899
2020-09-23,Sep,Washington,704,83193,2070,1740899
2020-09-24,Sep,Washington,715,83702,2081,1743296
2020-09-25,Sep,Washington,728,84238,2080,1783279
2020-09-26,Sep,Washington,685,85226,2100,1801021
2020-09-27,Sep,Washington,585,85830,2100,1820623
2020-09-28,Sep,Washington,295,86269,2100,1837206
2020-09-29,Sep,Washington,681,86638,2100,1848463
2020-09-30,Sep,Washington,709,87042,2124,1854399
2020-09-01,Sep,Virginia,481,121615,2612,1593368
2020-09-02,Sep,Virginia,476,122542,2641,1605290
2020-09-03,Sep,Virginia,409,123668,2652,1619053
2020-09-04,Sep,Virginia,449,124779,2662,1634308
2020-09-05,Sep,Virginia,296,125727,2677,1652020
2020-09-06,Sep,Virginia,367,126926,2678,1664475
2020-09-07,Sep,Virginia,450,127571,2684,1676446
2020-09-08,Sep,Virginia,437,128407,2686,1684048
2020-09-09,Sep,Virginia,481,129289,2697,1694203
2020-09-10,Sep,Virginia,471,130525,2708,1710556
2020-09-11,Sep,Virginia,437,131640,2711,1728110
2020-09-12,Sep,Virginia,477,132940,2722,1744020
2020-09-13,Sep,Virginia,498,133814,2724,1760096
2020-09-14,Sep,Virginia,443,134571,2743,1773158
2020-09-15,Sep,Virginia,447,135514,2839,1785553
2020-09-16,Sep,Virginia,414,136359,2884,1799851
2020-09-17,Sep,Virginia,373,137460,2920,1822012
2020-09-18,Sep,Virginia,377,138702,2949,1831623
2020-09-19,Sep,Virginia,478,139655,2990,1866666
2020-09-20,Sep,Virginia,497,140511,3015,1882028
2020-09-21,Sep,Virginia,465,141138,3021,1898637
2020-09-22,Sep,Virginia,115,142010,3060,1911580
2020-09-23,Sep,Virginia,82,142590,3089,1922606
2020-09-24,Sep,Virginia,484,143492,3113,1952965
2020-09-25,Sep,Virginia,469,144433,3136,1973499
2020-09-26,Sep,Virginia,479,145408,3144,1993344
2020-09-27,Sep,Virginia,439,146144,3159,2003129
2020-09-28,Sep,Virginia,168,146593,3172,2027168
2020-09-29,Sep,Virginia,447,147516,3187,2039510
2020-09-30,Sep,Virginia,458,148271,3208,2049988
2020-10-01,Oct,Maryland,255,125510,3949,2629898
2020-10-02,Oct,Maryland,260,126222,3950,2660800
2020-10-03,Oct,Maryland,226,126819,3957,2688866
2020-10-04,Oct,Maryland,233,127290,3958,2715230
2020-10-05,Oct,Maryland,239,127791,3961,2734800
2020-10-06,Oct,Maryland,223,128204,3967,2752546
2020-10-07,Oct,Maryland,226,128664,3973,2773280
2020-10-08,Oct,Maryland,269,129425,3979,2802303
2020-10-09,Oct,Maryland,267,130159,3990,2829423
2020-10-10,Oct,Maryland,231,130795,3995,2863083
2020-10-11,Oct,Maryland,253,131357,3999,2892265
2020-10-12,Oct,Maryland,255,131861,4003,2916220
2020-10-13,Oct,Maryland,233,132343,4012,2934933
2020-10-14,Oct,Maryland,238,132918,4022,2956824
2020-10-15,Oct,Maryland,270,133548,4028,2985460
2020-10-16,Oct,Maryland,265,134329,4032,3013107
2020-10-17,Oct,Maryland,12,135127,4036,3049634
2020-10-18,Oct,Maryland,258,135657,4037,3079162
2020-10-19,Oct,Maryland,240,136154,4041,3103833
2020-10-20,Oct,Maryland,232,136744,4050,3121799
2020-10-21,Oct,Maryland,223,137236,4058,3138875
2020-10-22,Oct,Maryland,198,137979,4070,3169302
2020-10-01,Oct,North Carolina,618,212909,3579,3063661
2020-10-02,Oct,North Carolina,642,214684,3608,3099704
2020-10-03,Oct,North Carolina,609,216886,3629,3136266
2020-10-04,Oct,North Carolina,632,217496,3634,3160968
2020-10-05,Oct,North Carolina,631,219754,3637,3193916
2020-10-06,Oct,North Carolina,597,221258,3670,3216686
2020-10-07,Oct,North Carolina,538,222969,3693,3235273
2020-10-08,Oct,North Carolina,650,225397,3722,3268955
2020-10-09,Oct,North Carolina,655,227431,3747,3311285
2020-10-10,Oct,North Carolina,625,229752,3765,3350815
2020-10-11,Oct,North Carolina,634,231471,3770,3388250
2020-10-12,Oct,North Carolina,652,232747,3773,3417814
2020-10-13,Oct,North Carolina,544,234481,3816,3444583
2020-10-14,Oct,North Carolina,541,236407,3856,3467235
2020-10-15,Oct,North Carolina,640,238939,3874,3500763
2020-10-16,Oct,North Carolina,657,241623,3910,3539731
2020-10-17,Oct,North Carolina,25,243725,3929,3582572
2020-10-18,Oct,North Carolina,635,246028,3934,3617258
2020-10-19,Oct,North Carolina,649,247172,3939,3648364
2020-10-20,Oct,North Carolina,535,248750,3992,3671793
2020-10-21,Oct,North Carolina,550,250592,4032,3692043
2020-10-22,Oct,North Carolina,588,252992,4082,3727675
2020-10-01,Oct,Illinois,1797,297929,8940,5692926
2020-10-02,Oct,Illinois,2099,300385,8992,5765867
2020-10-03,Oct,Illinois,1785,302827,9023,5837501
2020-10-04,Oct,Illinois,2050,304280,9040,5889157
2020-10-05,Oct,Illinois,1841,306133,9054,5927695
2020-10-06,Oct,Illinois,1451,307750,9085,5977208
2020-10-07,Oct,Illinois,1191,310380,9127,6036028
2020-10-08,Oct,Illinois,1741,313439,9159,6108519
2020-10-09,Oct,Illinois,2002,316556,9191,6180417
2020-10-10,Oct,Illinois,1538,319461,9221,6246673
2020-10-11,Oct,Illinois,2033,322188,9230,6310720
2020-10-12,Oct,Illinois,1816,324930,9243,6358299
2020-10-13,Oct,Illinois,1518,327781,9272,6414292
2020-10-14,Oct,Illinois,1143,330643,9320,6466961
2020-10-15,Oct,Illinois,1733,334658,9373,6534047
2020-10-16,Oct,Illinois,1931,339761,9425,6622355
2020-10-17,Oct,Illinois,67,343390,9452,6699844
2020-10-18,Oct,Illinois,1996,347635,9474,6779140
2020-10-19,Oct,Illinois,1861,350748,9496,6827824
2020-10-20,Oct,Illinois,1510,354462,9537,6886901
2020-10-21,Oct,Illinois,1149,358804,9605,6953692
2020-10-22,Oct,Illinois,1524,363746,9647,7034669
2020-10-01,Oct,Texas,1547,752501,15823,6282329
2020-10-01,Oct,Texas,691,752501,15823,6282329
2020-10-02,Oct,Texas,1563,756004,15895,6368742
2020-10-02,Oct,Texas,738,756004,15895,6368742
2020-10-03,Oct,Texas,1543,763010,15992,6472939
2020-10-03,Oct,Texas,643,763010,15992,6472939
2020-10-04,Oct,Texas,1560,765894,16025,6537885
2020-10-04,Oct,Texas,736,765894,16025,6537885
2020-10-05,Oct,Texas,1604,769303,16033,6571677
2020-10-05,Oct,Texas,688,769303,16033,6571677
2020-10-06,Oct,Texas,1346,773435,16111,6636248
2020-10-06,Oct,Texas,619,773435,16111,6636248
2020-10-07,Oct,Texas,1540,777556,16230,6664440
2020-10-07,Oct,Texas,667,777556,16230,6664440
2020-10-08,Oct,Texas,1636,781794,16334,6703106
2020-10-08,Oct,Texas,734,781794,16334,6703106
2020-10-09,Oct,Texas,1724,785830,16432,6746030
2020-10-09,Oct,Texas,699,785830,16432,6746030
2020-10-10,Oct,Texas,1563,790060,16526,6830631
2020-10-10,Oct,Texas,644,790060,16526,6830631
2020-10-11,Oct,Texas,1726,792478,16557,6887551
2020-10-11,Oct,Texas,750,792478,16557,6887551
2020-10-12,Oct,Texas,1787,795126,16558,6951394
2020-10-12,Oct,Texas,690,795126,16558,6951394
2020-10-13,Oct,Texas,1566,800415,16622,7012023
2020-10-13,Oct,Texas,630,800415,16622,7012023
2020-10-14,Oct,Texas,1559,805082,16717,7067676
2020-10-14,Oct,Texas,714,805082,16717,7067676
2020-10-15,Oct,Texas,1670,809808,16812,7111890
2020-10-15,Oct,Texas,753,809808,16812,7111890
2020-10-16,Oct,Texas,1683,815678,16903,7211046
2020-10-16,Oct,Texas,739,815678,16903,7211046
2020-10-17,Oct,Texas,61,820563,16984,7274236
2020-10-17,Oct,Texas,16,820563,16984,7274236
2020-10-18,Oct,Texas,1748,823779,17014,7326919
2020-10-18,Oct,Texas,750,823779,17014,7326919
2020-10-19,Oct,Texas,1810,825673,17022,7384043
2020-10-19,Oct,Texas,707,825673,17022,7384043
2020-10-20,Oct,Texas,1488,833557,17087,7444326
2020-10-20,Oct,Texas,602,833557,17087,7444326
2020-10-21,Oct,Texas,1405,838809,17201,7474874
2020-10-21,Oct,Texas,640,838809,17201,7474874
2020-10-22,Oct,Texas,1406,845100,17286,7532717
2020-10-22,Oct,Texas,661,845100,17286,7532717
2020-10-01,Oct,Colorado,917,70536,1960,1357159
2020-10-02,Oct,Colorado,975,71218,1962,1376920
2020-10-03,Oct,Colorado,844,71898,1968,1396346
2020-10-04,Oct,Colorado,943,72555,1968,1414336
2020-10-05,Oct,Colorado,903,73076,1968,1430540
2020-10-06,Oct,Colorado,777,73537,1968,1444262
2020-10-07,Oct,Colorado,880,74191,1983,1459332
2020-10-08,Oct,Colorado,995,74922,1990,1477301
2020-10-09,Oct,Colorado,998,75785,1997,1496198
2020-10-10,Oct,Colorado,870,76619,1998,1518454
2020-10-11,Oct,Colorado,938,77642,1998,1541162
2020-10-12,Oct,Colorado,925,78461,1998,1560179
2020-10-13,Oct,Colorado,798,79037,1998,1571329
2020-10-14,Oct,Colorado,891,80085,2009,1588632
2020-10-15,Oct,Colorado,961,80777,2025,1602956
2020-10-16,Oct,Colorado,983,81918,2029,1625527
2020-10-17,Oct,Colorado,142,83230,2042,1646557
2020-10-18,Oct,Colorado,949,84369,2042,1668053
2020-10-19,Oct,Colorado,910,85302,2042,1689313
2020-10-20,Oct,Colorado,763,86374,2051,1708450
2020-10-21,Oct,Colorado,879,87582,2060,1724038
2020-10-22,Oct,Colorado,674,88849,2066,1742583
2020-10-01,Oct,Michigan,732,139012,7102,3683581
2020-10-02,Oct,Michigan,686,139996,7110,3723748
2020-10-03,Oct,Michigan,715,141271,7124,3764274
2020-10-04,Oct,Michigan,693,141271,7124,3764274
2020-10-05,Oct,Michigan,686,142726,7139,3818827
2020-10-06,Oct,Michigan,604,143878,7161,3844962
2020-10-07,Oct,Michigan,559,145092,7169,3879635
2020-10-08,Oct,Michigan,757,146493,7193,3921840
2020-10-09,Oct,Michigan,715,147816,7200,3965016
2020-10-10,Oct,Michigan,705,149464,7219,4010309
2020-10-11,Oct,Michigan,671,149464,7219,4010309
2020-10-12,Oct,Michigan,702,151396,7225,4061097
2020-10-13,Oct,Michigan,620,152862,7255,4099559
2020-10-14,Oct,Michigan,609,154455,7268,4129412
2020-10-15,Oct,Michigan,759,156913,7302,4171989
2020-10-16,Oct,Michigan,685,159119,7317,4225410
2020-10-17,Oct,Michigan,13,159119,7317,4270757
2020-10-18,Oct,Michigan,685,159119,7317,4270757
2020-10-19,Oct,Michigan,735,164123,7363,4335624
2020-10-20,Oct,Michigan,613,165994,7383,4385791
2020-10-21,Oct,Michigan,606,167872,7418,4420831
2020-10-22,Oct,Michigan,666,170076,7464,4468863
2020-10-01,Oct,Florida,258,709144,14619,5325835
2020-10-01,Oct,Florida,418,709144,14619,5325835
2020-10-01,Oct,Florida,345,709144,14619,5325835
2020-10-02,Oct,Florida,275,711804,14730,5351521
2020-10-02,Oct,Florida,395,711804,14730,5351521
2020-10-02,Oct,Florida,366,711804,14730,5351521
2020-10-03,Oct,Florida,233,714591,14803,5376459
2020-10-03,Oct,Florida,435,714591,14803,5376459
2020-10-03,Oct,Florida,307,714591,14803,5376459
2020-10-04,Oct,Florida,252,716459,14845,5396874
2020-10-04,Oct,Florida,419,716459,14845,5396874
2020-10-04,Oct,Florida,353,716459,14845,5396874
2020-10-05,Oct,Florida,262,717874,14886,5412683
2020-10-05,Oct,Florida,396,717874,14886,5412683
2020-10-05,Oct,Florida,341,717874,14886,5412683
2020-10-06,Oct,Florida,187,720125,14945,5433578
2020-10-06,Oct,Florida,265,720125,14945,5433578
2020-10-06,Oct,Florida,250,720125,14945,5433578
2020-10-07,Oct,Florida,230,722707,15084,5459711
2020-10-07,Oct,Florida,277,722707,15084,5459711
2020-10-07,Oct,Florida,288,722707,15084,5459711
2020-10-08,Oct,Florida,267,726013,15254,5489758
2020-10-08,Oct,Florida,482,726013,15254,5489758
2020-10-08,Oct,Florida,387,726013,15254,5489758
2020-10-09,Oct,Florida,298,728921,15372,5518162
2020-10-09,Oct,Florida,457,728921,15372,5518162
2020-10-09,Oct,Florida,402,728921,15372,5518162
2020-10-10,Oct,Florida,249,728921,15372,5518162
2020-10-10,Oct,Florida,482,728921,15372,5518162
2020-10-10,Oct,Florida,348,728921,15372,5518162
2020-10-11,Oct,Florida,280,734491,15552,5550531
2020-10-11,Oct,Florida,481,734491,15552,5550531
2020-10-11,Oct,Florida,381,734491,15552,5550531
2020-10-12,Oct,Florida,287,736024,15599,5567283
2020-10-12,Oct,Florida,417,736024,15599,5567283
2020-10-12,Oct,Florida,387,736024,15599,5567283
2020-10-13,Oct,Florida,220,738749,15722,5593424
2020-10-13,Oct,Florida,289,738749,15722,5593424
2020-10-13,Oct,Florida,272,738749,15722,5593424
2020-10-14,Oct,Florida,233,741632,15788,5615247
2020-10-14,Oct,Florida,319,741632,15788,5615247
2020-10-14,Oct,Florida,303,741632,15788,5615247
2020-10-15,Oct,Florida,287,744988,15932,5643521
2020-10-15,Oct,Florida,484,744988,15932,5643521
2020-10-15,Oct,Florida,391,744988,15932,5643521
2020-10-16,Oct,Florida,298,748437,16030,5673685
2020-10-16,Oct,Florida,428,748437,16030,5673685
2020-10-16,Oct,Florida,404,748437,16030,5673685
2020-10-17,Oct,Florida,9,752481,16118,5704100
2020-10-17,Oct,Florida,36,752481,16118,5704100
2020-10-17,Oct,Florida,21,752481,16118,5704100
2020-10-18,Oct,Florida,290,755020,16168,5722392
2020-10-18,Oct,Florida,462,755020,16168,5722392
2020-10-18,Oct,Florida,384,755020,16168,5722392
2020-10-19,Oct,Florida,267,756727,16222,5739283
2020-10-19,Oct,Florida,390,756727,16222,5739283
2020-10-19,Oct,Florida,379,756727,16222,5739283
2020-10-20,Oct,Florida,239,760389,16308,5767947
2020-10-20,Oct,Florida,296,760389,16308,5767947
2020-10-20,Oct,Florida,281,760389,16308,5767947
2020-10-21,Oct,Florida,217,760389,16308,5767947
2020-10-21,Oct,Florida,297,760389,16308,5767947
2020-10-21,Oct,Florida,310,760389,16308,5767947
2020-10-22,Oct,Florida,217,768091,16470,5821939
2020-10-22,Oct,Florida,381,768091,16470,5821939
2020-10-22,Oct,Florida,314,768091,16470,5821939
2020-10-01,Oct,Massachuttces,524,132870,9480,4125104
2020-10-02,Oct,Massachuttces,527,133631,9490,4200018
2020-10-03,Oct,Massachuttces,423,134303,9507,4265786
2020-10-04,Oct,Massachuttces,526,134947,9510,4334501
2020-10-05,Oct,Massachuttces,473,135462,9530,4371050
2020-10-06,Oct,Massachuttces,390,135957,9538,4416428
2020-10-07,Oct,Massachuttces,379,136492,9557,4478131
2020-10-08,Oct,Massachuttces,524,136936,9565,4541516
2020-10-09,Oct,Massachuttces,547,137701,9577,4601434
2020-10-10,Oct,Massachuttces,436,138340,9587,4670758
2020-10-11,Oct,Massachuttces,476,138903,9604,4748004
2020-10-12,Oct,Massachuttces,475,139663,9617,4815399
2020-10-13,Oct,Massachuttces,398,140412,9630,4857515
2020-10-14,Oct,Massachuttces,385,140992,9647,4896199
2020-10-15,Oct,Massachuttces,518,141579,9672,4955322
2020-10-16,Oct,Massachuttces,515,142346,9702,5012963
2020-10-17,Oct,Massachuttces,24,142930,9723,5088797
2020-10-18,Oct,Massachuttces,480,143660,9737,5168943
2020-10-19,Oct,Massachuttces,428,144488,9753,5239651
2020-10-20,Oct,Massachuttces,355,145464,9758,5306041
2020-10-21,Oct,Massachuttces,368,146166,9780,5366394
2020-10-22,Oct,Massachuttces,352,147215,9810,5441066
2020-10-01,Oct,Georgia,2247,319334,7063,2954392
2020-10-02,Oct,Georgia,2310,320634,7106,2970013
2020-10-03,Oct,Georgia,2211,322078,7134,3001381
2020-10-04,Oct,Georgia,2418,322925,7162,3018618
2020-10-05,Oct,Georgia,2253,323714,7192,3032757
2020-10-06,Oct,Georgia,2122,324650,7229,3044792
2020-10-07,Oct,Georgia,2047,326142,7259,3058187
2020-10-08,Oct,Georgia,2326,327407,7294,3083121
2020-10-09,Oct,Georgia,2430,329032,7348,3112629
2020-10-10,Oct,Georgia,2145,330269,7393,3132559
2020-10-11,Oct,Georgia,2409,331409,7416,3151039
2020-10-12,Oct,Georgia,2237,332311,7429,3168126
2020-10-13,Oct,Georgia,2000,333304,7454,3180548
2020-10-14,Oct,Georgia,2036,334601,7470,3204308
2020-10-15,Oct,Georgia,2291,336241,7492,3229781
2020-10-16,Oct,Georgia,2363,337850,7556,3254270
2020-10-17,Oct,Georgia,63,339384,7607,3280668
2020-10-18,Oct,Georgia,2454,340558,7638,3298458
2020-10-19,Oct,Georgia,2152,341310,7657,3314279
2020-10-20,Oct,Georgia,1998,342438,7674,3327836
2020-10-21,Oct,Georgia,1857,342438,7674,3327836
2020-10-22,Oct,Georgia,2120,345535,7729,3367534
2020-10-01,Oct,New York,840,460031,25490,10856531
2020-10-01,Oct,New York,207,460031,25490,10856531
2020-10-02,Oct,New York,821,461629,25497,10976024
2020-10-02,Oct,New York,222,461629,25497,10976024
2020-10-03,Oct,New York,744,463360,25505,11110291
2020-10-03,Oct,New York,209,463360,25505,11110291
2020-10-04,Oct,New York,832,464582,25519,11220620
2020-10-04,Oct,New York,212,464582,25519,11220620
2020-10-05,Oct,New York,773,465515,25527,11297024
2020-10-05,Oct,New York,215,465515,25527,11297024
2020-10-06,Oct,New York,620,466908,25536,11393383
2020-10-06,Oct,New York,187,466908,25536,11393383
2020-10-07,Oct,New York,651,468268,25545,11501629
2020-10-07,Oct,New York,197,468268,25545,11501629
2020-10-08,Oct,New York,814,470104,25555,11647440
2020-10-08,Oct,New York,214,470104,25555,11647440
2020-10-09,Oct,New York,796,471696,25561,11786740
2020-10-09,Oct,New York,216,471696,25561,11786740
2020-10-10,Oct,New York,717,473143,25569,11921319
2020-10-10,Oct,New York,200,473143,25569,11921319
2020-10-11,Oct,New York,852,474286,25574,12039573
2020-10-11,Oct,New York,215,474286,25574,12039573
2020-10-12,Oct,New York,764,475315,25587,12131366
2020-10-12,Oct,New York,214,475315,25587,12131366
2020-10-13,Oct,New York,639,476708,25598,12230436
2020-10-13,Oct,New York,193,476708,25598,12230436
2020-10-14,Oct,New York,676,477940,25605,12342180
2020-10-14,Oct,New York,193,477940,25605,12342180
2020-10-15,Oct,New York,833,479400,25618,12475392
2020-10-15,Oct,New York,203,479400,25618,12475392
2020-10-16,Oct,New York,744,481107,25628,12611431
2020-10-16,Oct,New York,221,481107,25628,12611431
2020-10-17,Oct,New York,47,482891,25637,12771403
2020-10-17,Oct,New York,3,482891,25637,12771403
2020-10-18,Oct,New York,867,484281,25644,12900166
2020-10-18,Oct,New York,211,484281,25644,12900166
2020-10-19,Oct,New York,726,485279,25659,12982175
2020-10-19,Oct,New York,223,485279,25659,12982175
2020-10-20,Oct,New York,625,486480,25672,13072715
2020-10-20,Oct,New York,181,486480,25672,13072715
2020-10-21,Oct,New York,655,488506,25679,13197504
2020-10-21,Oct,New York,196,488506,25679,13197504
2020-10-22,Oct,New York,671,490134,25694,13332845
2020-10-22,Oct,New York,165,490134,25694,13332845
2020-10-01,Oct,California,1025,813687,15888,14771851
2020-10-01,Oct,California,210,813687,15888,14771851
2020-10-01,Oct,California,612,813687,15888,14771851
2020-10-02,Oct,California,1132,817277,15986,14868431
2020-10-02,Oct,California,206,817277,15986,14868431
2020-10-02,Oct,California,638,817277,15986,14868431
2020-10-03,Oct,California,1027,819436,16074,14998888
2020-10-03,Oct,California,192,819436,16074,14998888
2020-10-03,Oct,California,606,819436,16074,14998888
2020-10-04,Oct,California,1126,823729,16120,15160287
2020-10-04,Oct,California,213,823729,16120,15160287
2020-10-04,Oct,California,694,823729,16120,15160287
2020-10-05,Oct,California,1049,826784,16149,15301681
2020-10-05,Oct,California,199,826784,16149,15301681
2020-10-05,Oct,California,571,826784,16149,15301681
2020-10-06,Oct,California,955,828461,16177,15430421
2020-10-06,Oct,California,177,828461,16177,15430421
2020-10-06,Oct,California,584,828461,16177,15430421
2020-10-07,Oct,California,1018,831225,16228,15556706
2020-10-07,Oct,California,185,831225,16228,15556706
2020-10-07,Oct,California,595,831225,16228,15556706
2020-10-08,Oct,California,1091,834800,16361,15623623
2020-10-08,Oct,California,220,834800,16361,15623623
2020-10-08,Oct,California,606,834800,16361,15623623
2020-10-09,Oct,California,1144,838606,16428,15736497
2020-10-09,Oct,California,227,838606,16428,15736497
2020-10-09,Oct,California,660,838606,16428,15736497
2020-10-10,Oct,California,1035,842776,16500,15878445
2020-10-10,Oct,California,195,842776,16500,15878445
2020-10-10,Oct,California,602,842776,16500,15878445
2020-10-11,Oct,California,1164,846579,16564,16047004
2020-10-11,Oct,California,214,846579,16564,16047004
2020-10-11,Oct,California,696,846579,16564,16047004
2020-10-12,Oct,California,1094,850028,16572,16191341
2020-10-12,Oct,California,220,850028,16572,16191341
2020-10-12,Oct,California,657,850028,16572,16191341
2020-10-13,Oct,California,989,852406,16581,16333717
2020-10-13,Oct,California,189,852406,16581,16333717
2020-10-13,Oct,California,576,852406,16581,16333717
2020-10-14,Oct,California,1057,855072,16639,16425487
2020-10-14,Oct,California,190,855072,16639,16425487
2020-10-14,Oct,California,599,855072,16639,16425487
2020-10-15,Oct,California,1084,858401,16757,16517812
2020-10-15,Oct,California,196,858401,16757,16517812
2020-10-15,Oct,California,643,858401,16757,16517812
2020-10-16,Oct,California,1136,861476,16830,16621956
2020-10-16,Oct,California,221,861476,16830,16621956
2020-10-16,Oct,California,639,861476,16830,16621956
2020-10-17,Oct,California,82,864455,16899,16756711
2020-10-17,Oct,California,7,864455,16899,16756711
2020-10-17,Oct,California,27,864455,16899,16756711
2020-10-18,Oct,California,1184,867317,16943,16892062
2020-10-18,Oct,California,217,867317,16943,16892062
2020-10-18,Oct,California,668,867317,16943,16892062
2020-10-19,Oct,California,1106,870791,16970,17042408
2020-10-19,Oct,California,226,870791,16970,17042408
2020-10-19,Oct,California,669,870791,16970,17042408
2020-10-20,Oct,California,996,874077,16992,17189070
2020-10-20,Oct,California,184,874077,16992,17189070
2020-10-20,Oct,California,578,874077,16992,17189070
2020-10-21,Oct,California,1052,877784,17027,17293139
2020-10-21,Oct,California,190,877784,17027,17293139
2020-10-21,Oct,California,609,877784,17027,17293139
2020-10-22,Oct,California,663,880724,17189,17358770
2020-10-22,Oct,California,103,880724,17189,17358770
2020-10-22,Oct,California,331,880724,17189,17358770
2020-10-01,Oct,Nevada,482,80410,1603,701557
2020-10-02,Oct,Nevada,501,81182,1609,706635
2020-10-03,Oct,Nevada,396,81708,1620,710210
2020-10-04,Oct,Nevada,505,82100,1623,713389
2020-10-05,Oct,Nevada,481,82437,1623,716564
2020-10-06,Oct,Nevada,329,82916,1629,718732
2020-10-07,Oct,Nevada,365,83347,1636,720509
2020-10-08,Oct,Nevada,518,83827,1649,724198
2020-10-09,Oct,Nevada,529,84593,1657,730234
2020-10-10,Oct,Nevada,404,85399,1659,734943
2020-10-11,Oct,Nevada,540,85779,1661,738304
2020-10-12,Oct,Nevada,480,86348,1664,741168
2020-10-13,Oct,Nevada,345,86835,1674,743677
2020-10-14,Oct,Nevada,371,87314,1691,747418
2020-10-15,Oct,Nevada,511,87969,1698,745344
2020-10-16,Oct,Nevada,525,88685,1707,747671
2020-10-17,Oct,Nevada,32,89652,1707,755234
2020-10-18,Oct,Nevada,527,90261,1710,759508
2020-10-19,Oct,Nevada,499,90843,1712,763202
2020-10-20,Oct,Nevada,329,91499,1727,766312
2020-10-21,Oct,Nevada,364,92064,1732,769613
2020-10-22,Oct,Nevada,277,92853,1736,774095
2020-10-01,Oct,Minniesota,515,100200,2102,2055888
2020-10-02,Oct,Minniesota,520,101366,2112,2086963
2020-10-03,Oct,Minniesota,476,102787,2126,2116038
2020-10-04,Oct,Minniesota,520,103826,2133,2146411
2020-10-05,Oct,Minniesota,503,104799,2136,2169786
2020-10-06,Oct,Minniesota,467,105740,2140,2182970
2020-10-07,Oct,Minniesota,454,106651,2154,2195882
2020-10-08,Oct,Minniesota,518,107922,2160,2224194
2020-10-09,Oct,Minniesota,516,109312,2174,2256165
2020-10-10,Oct,Minniesota,467,110828,2184,2288662
2020-10-11,Oct,Minniesota,506,112268,2194,2318810
2020-10-12,Oct,Minniesota,507,113439,2197,2337122
2020-10-13,Oct,Minniesota,461,114574,2204,2355124
2020-10-14,Oct,Minniesota,472,115943,2180,2367344
2020-10-15,Oct,Minniesota,517,117106,2199,2386848
2020-10-16,Oct,Minniesota,522,119396,2212,2430551
2020-10-17,Oct,Minniesota,15,121090,2217,2458271
2020-10-18,Oct,Minniesota,522,122812,2234,2489218
2020-10-19,Oct,Minniesota,507,124439,2239,2511395
2020-10-20,Oct,Minniesota,354,125531,2246,2522999
2020-10-21,Oct,Minniesota,464,126591,2281,2539376
2020-10-22,Oct,Minniesota,359,128152,2301,2564491
2020-10-01,Oct,New Jersey,566,205889,16127,3613646
2020-10-02,Oct,New Jersey,605,206629,16131,3672127
2020-10-03,Oct,New Jersey,512,207576,16135,3673074
2020-10-04,Oct,New Jersey,614,208202,16136,3734094
2020-10-05,Oct,New Jersey,574,208713,16138,3758058
2020-10-06,Oct,New Jersey,489,209342,16147,3758687
2020-10-07,Oct,New Jersey,491,209850,16152,3781810
2020-10-08,Oct,New Jersey,628,211148,16160,3842667
2020-10-09,Oct,New Jersey,628,212013,16164,3878988
2020-10-10,Oct,New Jersey,529,212877,16171,3914021
2020-10-11,Oct,New Jersey,613,213628,16174,3914772
2020-10-12,Oct,New Jersey,569,214097,16175,3971597
2020-10-13,Oct,New Jersey,484,215085,16182,3972585
2020-10-14,Oct,New Jersey,488,216023,16191,4036867
2020-10-15,Oct,New Jersey,613,216994,16197,4070357
2020-10-16,Oct,New Jersey,615,217804,16202,4101399
2020-10-17,Oct,New Jersey,32,218738,16204,4135796
2020-10-18,Oct,New Jersey,615,220013,16211,4138871
2020-10-19,Oct,New Jersey,575,221205,16214,4217705
2020-10-20,Oct,New Jersey,479,222193,16227,4235300
2020-10-21,Oct,New Jersey,477,223223,16245,4264123
2020-10-22,Oct,New Jersey,511,224385,16263,4297612
2020-10-01,Oct,Pennsylvania,344,160123,8160,2049762
2020-10-02,Oct,Pennsylvania,408,161284,8179,2066255
2020-10-03,Oct,Pennsylvania,177,161284,8199,2066255
2020-10-04,Oct,Pennsylvania,297,163535,8216,2095170
2020-10-05,Oct,Pennsylvania,414,164207,8227,2105159
2020-10-06,Oct,Pennsylvania,202,165243,8244,2117235
2020-10-07,Oct,Pennsylvania,379,166552,8272,2134094
2020-10-08,Oct,Pennsylvania,368,167928,8299,2153031
2020-10-09,Oct,Pennsylvania,413,169308,8308,2169073
2020-10-10,Oct,Pennsylvania,194,171050,8344,2190490
2020-10-11,Oct,Pennsylvania,330,172216,8350,2205861
2020-10-12,Oct,Pennsylvania,395,173304,8368,2218010
2020-10-13,Oct,Pennsylvania,230,174646,8384,2234739
2020-10-14,Oct,Pennsylvania,380,175922,8411,2250651
2020-10-15,Oct,Pennsylvania,370,177520,8432,2266717
2020-10-16,Oct,Pennsylvania,411,179086,8457,2282130
2020-10-17,Oct,Pennsylvania,6,180943,8466,2300793
2020-10-18,Oct,Pennsylvania,330,182212,8492,2314863
2020-10-19,Oct,Pennsylvania,423,183315,8500,2327281
2020-10-20,Oct,Pennsylvania,229,184872,8533,2340511
2020-10-21,Oct,Pennsylvania,394,186297,8562,2353833
2020-10-22,Oct,Pennsylvania,274,188360,8592,2373439
2020-10-01,Oct,Arizona,513,219212,5674,1471368
2020-10-02,Oct,Arizona,533,219763,5693,1478504
2020-10-03,Oct,Arizona,455,220399,5705,1488145
2020-10-04,Oct,Arizona,497,220754,5706,1496131
2020-10-05,Oct,Arizona,510,221070,5707,1502873
2020-10-06,Oct,Arizona,476,221934,5713,1511427
2020-10-07,Oct,Arizona,491,222538,5733,1518694
2020-10-08,Oct,Arizona,549,223401,5743,1531095
2020-10-09,Oct,Arizona,549,224084,5746,1543445
2020-10-10,Oct,Arizona,486,224978,5759,1556015
2020-10-11,Oct,Arizona,529,225575,5759,1566165
2020-10-12,Oct,Arizona,549,226050,5759,1574200
2020-10-13,Oct,Arizona,494,226734,5767,1581151
2020-10-14,Oct,Arizona,492,227635,5772,1589202
2020-10-15,Oct,Arizona,543,228748,5789,1601033
2020-10-16,Oct,Arizona,569,229486,5806,1609380
2020-10-17,Oct,Arizona,83,230407,5824,1620703
2020-10-18,Oct,Arizona,536,231149,5827,1631023
2020-10-19,Oct,Arizona,542,231897,5830,1639785
2020-10-20,Oct,Arizona,489,232937,5837,1647345
2020-10-21,Oct,Arizona,491,233912,5854,1657389
2020-10-22,Oct,Arizona,339,234906,5859,1668562
2020-10-01,Oct,Utah,469,74050,459,836218
2020-10-02,Oct,Utah,473,75157,474,845583
2020-10-03,Oct,Utah,432,76225,476,852680
2020-10-04,Oct,Utah,446,77618,478,860894
2020-10-05,Oct,Utah,456,78723,482,866180
2020-10-06,Oct,Utah,440,79439,488,875601
2020-10-07,Oct,Utah,432,80446,496,881440
2020-10-08,Oct,Utah,480,81947,501,892022
2020-10-09,Oct,Utah,478,83290,505,901048
2020-10-10,Oct,Utah,433,84644,510,912894
2020-10-11,Oct,Utah,450,85844,517,918571
2020-10-12,Oct,Utah,466,86832,522,922931
2020-10-13,Oct,Utah,443,87819,522,931732
2020-10-14,Oct,Utah,404,88963,527,940687
2020-10-15,Oct,Utah,482,90461,529,948002
2020-10-16,Oct,Utah,465,91957,537,957309
2020-10-17,Oct,Utah,10,93297,540,966451
2020-10-18,Oct,Utah,447,94394,543,973938
2020-10-19,Oct,Utah,454,95562,546,980659
2020-10-20,Oct,Utah,444,96643,551,986424
2020-10-21,Oct,Utah,437,98006,557,993995
2020-10-22,Oct,Utah,297,99549,563,1004286
2020-10-01,Oct,Washington,708,87522,2126,1868089
2020-10-02,Oct,Washington,773,88116,2132,1884074
2020-10-03,Oct,Washington,744,88810,2143,1905759
2020-10-04,Oct,Washington,731,89419,2142,1922956
2020-10-05,Oct,Washington,713,89874,2142,1935899
2020-10-06,Oct,Washington,667,90276,2158,1951407
2020-10-07,Oct,Washington,702,90663,2165,1961067
2020-10-08,Oct,Washington,710,91208,2177,1987477
2020-10-09,Oct,Washington,748,91918,2183,2016471
2020-10-10,Oct,Washington,678,92560,2190,2037946
2020-10-11,Oct,Washington,703,93035,2190,2061438
2020-10-12,Oct,Washington,711,93035,2190,2061438
2020-10-13,Oct,Washington,672,94775,2211,2123908
2020-10-14,Oct,Washington,689,94775,2211,2123908
2020-10-15,Oct,Washington,717,95509,2221,2146509
2020-10-16,Oct,Washington,741,96185,2232,2169192
2020-10-17,Oct,Washington,40,96894,2239,2194254
2020-10-18,Oct,Washington,705,98201,2239,2214560
2020-10-19,Oct,Washington,715,98201,2239,2230785
2020-10-20,Oct,Washington,689,98661,2258,2244336
2020-10-21,Oct,Washington,693,99150,2282,2252788
2020-10-22,Oct,Washington,474,99874,2286,2276453
2020-10-01,Oct,Virginia,488,148721,3228,2074236
2020-10-02,Oct,Virginia,454,149687,3250,2094361
2020-10-03,Oct,Virginia,494,150803,3270,2113878
2020-10-04,Oct,Virginia,526,151870,3273,2113878
2020-10-05,Oct,Virginia,435,152557,3276,2139991
2020-10-06,Oct,Virginia,371,153182,3291,2154168
2020-10-07,Oct,Virginia,390,153691,3303,2170313
2020-10-08,Oct,Virginia,529,155535,3328,2189792
2020-10-09,Oct,Virginia,463,156649,3344,2219510
2020-10-10,Oct,Virginia,502,157905,3354,2238204
2020-10-11,Oct,Virginia,502,158716,3358,2256820
2020-10-12,Oct,Virginia,439,159570,3361,2271842
2020-10-13,Oct,Virginia,374,160805,3372,2292562
2020-10-14,Oct,Virginia,388,161610,3381,2304369
2020-10-15,Oct,Virginia,531,162941,3388,2326802
2020-10-16,Oct,Virginia,455,164124,3408,2346899
2020-10-17,Oct,Virginia,35,165238,3422,2366380
2020-10-18,Oct,Virginia,515,166138,3433,2386778
2020-10-19,Oct,Virginia,433,166828,3457,2398111
2020-10-20,Oct,Virginia,381,167754,3485,2411940
2020-10-21,Oct,Virginia,372,168772,3515,2431736
2020-10-22,Oct,Virginia,396,170104,3524,2451698
